month,nt_val,nt_yoy,nt_mom,nt_accu,town_val,town_yoy,town_mom,town_accu,cnt_val,cnt_yoy,cnt_mom,cnt_accu,ppi_yoy,ppi_mp_yoy,ppi_mp_qm_yoy,ppi_mp_rm_yoy,ppi_mp_p_yoy,ppi_cg_yoy,ppi_cg_f_yoy,ppi_cg_c_yoy,ppi_cg_adu_yoy,ppi_cg_dcg_yoy,ppi_mom,ppi_mp_mom,ppi_mp_qm_mom,ppi_mp_rm_mom,ppi_mp_p_mom,ppi_cg_mom,ppi_cg_f_mom,ppi_cg_c_mom,ppi_cg_adu_mom,ppi_cg_dcg_mom,ppi_accu,ppi_mp_accu,ppi_mp_qm_accu,ppi_mp_rm_accu,ppi_mp_p_accu,ppi_cg_accu,ppi_cg_f_accu,ppi_cg_c_accu,ppi_cg_adu_accu,ppi_cg_dcg_accu,m0,m0_yoy,m0_mom,m1,m1_yoy,m1_mom,m2,m2_yoy,m2_mom,inc_month,inc_cumval,stk_endval
2025-12-01,100.8,0.8,0.2,0.0,100.9,0.9,0.2,100.1,100.6,0.6,0.2,99.8,-1.9,-2.1,-4.7,-2.6,-1.6,-1.3,-1.5,-0.1,1.4,-3.5,0.2,0.3,0.8,0.6,0.2,0.0,-0.1,0.2,0.5,-0.2,-2.6,-3.0,-9.0,-3.4,-2.4,-1.5,-1.6,-0.1,0.8,-3.3,141261.37,10.2,2.83,1155146.5,3.8,2.33,3402948.06,8.5,0.98,22075.0,356033.0,442.12
2025-11-01,100.7,0.7,-0.1,0.0,100.7,0.7,-0.1,100.0,100.4,0.4,0.0,99.7,-2.2,-2.4,-6.1,-2.9,-1.9,-1.5,-1.5,-0.3,1.1,-3.6,0.1,0.1,1.7,-0.2,0.1,0.0,-0.1,0.1,0.2,-0.2,-2.7,-3.1,-9.3,-3.5,-2.5,-1.5,-1.6,-0.1,0.7,-3.3,137369.38,10.6,1.4,1128866.64,4.9,0.8,3369890.52,8.0,0.55,24926.0,333958.0,440.07
2025-10-01,100.2,0.2,0.2,-0.1,100.3,0.3,0.2,100.0,99.8,-0.2,0.1,99.7,-2.1,-2.4,-7.8,-2.5,-1.9,-1.4,-1.6,-0.3,1.0,-3.2,0.1,0.1,1.0,0.0,0.1,0.0,-0.1,-0.1,0.7,-0.3,-2.7,-3.2,-9.7,-3.5,-2.5,-1.5,-1.6,-0.1,0.7,-3.3,135478.14,10.6,-0.25,1119962.73,6.2,-1.02,3351312.31,8.2,-0.07,8178.0,309032.0,437.71
2025-09-01,99.7,-0.3,0.1,-0.1,99.8,-0.2,0.0,99.9,99.5,-0.5,0.2,99.7,-2.3,-2.4,-9.0,-2.9,-1.7,-1.7,-1.7,-0.3,0.7,-3.9,0.0,0.0,1.2,0.0,-0.1,-0.2,-0.1,0.0,0.2,-0.4,-2.8,-3.3,-9.9,-3.6,-2.6,-1.5,-1.6,-0.1,0.6,-3.3,135813.36,11.5,1.81,1131455.07,7.2,1.73,3353771.03,8.4,1.02,35299.0,300854.0,437.08
2025-08-01,99.6,-0.4,0.0,-0.1,99.7,-0.3,0.0,100.0,99.4,-0.6,0.1,99.7,-2.9,-3.2,-11.5,-4.1,-2.2,-1.7,-1.7,0.0,0.4,-3.7,0.0,0.1,1.3,0.2,0.0,-0.1,0.1,0.0,-0.2,-0.3,-2.9,-3.4,-9.9,-3.7,-2.7,-1.4,-1.6,-0.1,0.6,-3.2,133402.29,11.7,0.42,1112255.7,6.0,0.15,3319831.44,8.8,0.62,25660.0,265555.0,433.65
2025-07-01,100.0,0.0,0.4,-0.1,100.0,0.0,0.4,100.0,99.7,-0.3,0.3,99.7,-3.6,-4.3,-14.0,-5.4,-3.1,-1.6,-1.8,-0.1,0.6,-3.5,-0.2,-0.2,-0.2,-0.1,-0.3,-0.2,0.0,-0.1,-0.2,-0.6,-2.9,-3.4,-9.7,-3.7,-2.8,-1.4,-1.6,-0.1,0.7,-3.1,132800.0,11.8,0.74,1110600.0,5.6,-2.54,3299400.0,8.8,-0.11,11307.0,239895.0,431.25
2025-06-01,100.1,0.1,-0.1,-0.1,100.1,0.1,-0.1,100.0,99.8,-0.2,0.0,99.7,-3.6,-4.4,-13.2,-5.5,-3.2,-1.4,-2.0,0.1,0.8,-2.7,-0.4,-0.6,-1.2,-0.7,-0.5,-0.1,-0.3,0.0,0.1,-0.1,-2.8,-3.2,-9.0,-3.4,-2.7,-1.4,-1.5,-0.1,0.7,-3.0,131827.18,12.0,0.43,1139494.08,4.6,4.62,3302868.17,8.3,1.38,42251.0,228588.0,430.24
2025-05-01,99.9,-0.1,-0.2,-0.1,100.0,0.0,-0.2,100.0,99.6,-0.4,-0.2,99.7,-3.3,-4.0,-11.9,-5.4,-2.8,-1.4,-1.4,0.0,0.6,-3.3,-0.4,-0.6,-2.5,-0.9,-0.3,0.0,-0.1,0.2,0.1,0.1,-2.6,-3.0,-8.2,-3.0,-2.6,-1.4,-1.5,-0.1,0.7,-3.1,131300.0,12.1,-0.07,1089100.0,2.3,-0.21,3257800.0,7.9,0.19,22899.0,186336.0,426.16
2025-04-01,99.9,-0.1,0.1,-0.1,100.0,0.0,0.2,100.0,99.7,-0.3,0.0,99.7,-2.7,-3.1,-9.4,-3.6,-2.3,-1.6,-1.4,-0.1,0.6,-3.7,-0.4,-0.5,-2.1,-1.0,-0.2,-0.2,-0.1,0.3,0.2,-0.7,-2.4,-2.7,-7.2,-2.3,-2.6,-1.4,-1.5,-0.2,0.7,-3.0,131387.01,12.0,0.53,1091407.33,1.5,-3.83,3251739.32,8.0,-0.27,11599.0,163437.0,424.0
2025-03-01,99.9,-0.1,-0.4,99.9,99.9,-0.1,-0.4,99.9,99.7,-0.3,-0.3,99.8,-2.5,-2.8,-8.3,-2.4,-2.6,-1.5,-1.4,-0.3,0.7,-3.4,-0.4,-0.4,-2.9,-0.6,-0.1,-0.4,-0.2,-0.1,-0.1,-1.0,-2.3,-2.6,-6.5,-1.9,-2.6,-1.3,-1.5,-0.2,0.7,-2.8,130691.86,11.5,-1.56,1134863.1,1.6,3.7,3260554.57,7.0,1.73,58961.0,151838.0,422.97
2025-02-01,99.3,-0.7,-0.2,-0.1,99.3,-0.7,-0.2,99.9,99.3,-0.7,-0.1,99.8,-2.2,-2.5,-6.3,-1.5,-2.7,-1.2,-1.6,-0.2,0.9,-2.5,-0.1,-0.2,-1.3,0.1,-0.2,0.0,-0.2,-0.2,0.1,0.0,-2.2,-2.6,-5.6,-1.7,-2.7,-1.2,-1.5,-0.2,0.7,-2.5,132756.61,9.7,-6.68,1094370.01,0.1,-2.68,3205173.24,7.0,0.63,22331.0,92877.0,417.29
2025-01-01,100.5,0.5,0.7,100.5,100.6,0.6,0.8,100.6,100.3,0.3,0.5,100.3,-2.3,-2.6,-4.9,-1.9,-2.7,-1.2,-1.4,-0.1,0.5,-2.6,-0.2,-0.2,-0.2,0.0,-0.3,0.0,-0.2,-0.2,-0.1,0.2,-2.3,-2.6,-4.9,-1.9,-2.7,-1.2,-1.4,-0.1,0.5,-2.6,142254.48,17.2,10.97,1124457.45,0.4,1.02,3185247.18,7.0,1.59,70546.0,70546.0,415.19
2024-12-01,100.1,0.1,0.0,0.2,100.1,0.1,0.0,100.2,100.0,0.0,-0.1,100.3,-2.3,-2.6,-4.6,-2.2,-2.7,-1.4,-1.4,-0.1,0.6,-3.1,-0.1,0.0,-0.8,0.3,-0.1,-0.1,-0.1,0.0,0.2,-0.3,-2.2,-2.5,-2.9,-1.7,-2.9,-1.1,-1.1,-0.1,0.0,-2.2,128194.16,13.0,3.23,1113069.0,1.2,3.41,3135322.3,7.3,0.5,28537.0,322558.0,408.34
2024-11-01,100.2,0.2,-0.6,0.3,100.1,0.1,-0.6,100.2,100.2,0.2,-0.6,100.3,-2.5,-2.9,-4.9,-2.9,-2.7,-1.4,-1.5,-0.3,0.2,-2.7,0.1,0.1,-0.1,0.2,0.1,0.0,-0.2,0.0,0.1,0.2,-2.1,-2.5,-2.7,-1.6,-2.9,-1.1,-1.1,-0.1,0.0,-2.1,124180.26,12.7,1.42,650904.16,-3.7,2.77,3119587.27,7.1,0.73,23288.0,294051.0,405.6
2024-10-01,100.3,0.3,-0.3,100.3,100.2,0.2,-0.3,100.2,100.3,0.3,-0.3,100.3,-2.9,-3.3,-5.1,-4.0,-2.9,-1.6,-1.6,-0.4,0.1,-3.1,-0.1,0.1,-0.3,-0.4,0.3,-0.4,-0.3,0.0,0.3,-1.1,-2.1,-2.5,-2.5,-1.5,-2.9,-1.0,-1.0,0.0,0.0,-2.1,122447.04,12.8,0.51,633357.47,-6.1,0.82,3097092.01,7.5,0.07,14120.0,270763.0,403.45
2024-09-01,100.4,0.4,0.0,100.3,100.4,0.4,-0.1,100.2,100.6,0.6,0.1,100.3,-2.8,-3.3,-2.5,-3.2,-3.3,-1.3,-1.6,-0.3,-0.3,-2.1,-0.6,-0.8,-1.6,-1.2,-0.6,-0.1,-0.2,0.2,-0.2,-0.2,-2.0,-2.4,-2.2,-1.2,-2.9,-1.0,-0.9,0.0,-0.1,-2.0,121830.0,11.5,1.97,628236.54,-7.4,-0.32,3094798.24,6.8,1.45,37635.0,256643.0,402.19
2024-08-01,100.6,0.6,0.4,100.2,100.6,0.6,0.3,100.2,100.8,0.8,0.4,100.3,-1.8,-2.0,0.9,-0.8,-2.7,-1.1,-1.3,-0.4,0.0,-1.9,-0.7,-1.0,-1.6,-1.2,-0.9,0.0,0.0,-0.1,0.0,0.0,-1.9,-2.3,-2.2,-0.9,-2.8,-0.9,-0.9,0.1,0.0,-2.0,119500.0,12.2,0.55,630200.0,-7.3,-0.33,3050500.0,6.3,0.57,30323.0,219008.0,398.56
2024-07-01,100.5,0.5,0.5,100.2,100.5,0.5,0.6,100.2,100.7,0.7,0.4,100.2,-0.8,-0.7,3.5,1.8,-2.1,-1.0,-0.7,-0.5,-0.3,-2.0,-0.2,-0.3,0.7,-0.2,-0.4,0.0,-0.2,0.1,0.1,0.2,-2.0,-2.3,-2.6,-1.0,-2.9,-0.9,-0.8,0.1,0.0,-2.0,118840.46,12.0,0.94,632296.54,-6.6,-4.29,3033060.78,6.3,-0.56,7707.0,188685.0,395.72
2024-06-01,100.2,0.2,-0.2,100.1,100.2,0.2,-0.2,100.1,100.4,0.4,-0.2,100.2,-0.8,-0.8,2.7,1.6,-2.0,-0.8,-0.2,0.0,-0.1,-2.1,-0.2,-0.2,0.3,-0.5,-0.1,-0.1,0.3,-0.1,0.0,-0.7,-2.1,-2.6,-3.6,-1.4,-3.0,-0.9,-0.8,0.2,0.0,-2.0,117736.77,11.7,0.58,660610.52,-5.0,2.13,3050161.54,6.2,1.05,32985.0,180978.0,395.1
2024-05-01,100.3,0.3,-0.1,100.1,100.3,0.3,-0.1,100.1,100.4,0.4,-0.1,100.1,-1.4,-1.6,-1.2,0.5,-2.6,-0.8,-0.7,0.4,0.0,-1.8,0.2,0.4,0.2,0.9,0.1,-0.1,-0.2,0.1,0.0,-0.3,-2.4,-2.9,-4.7,-2.0,-3.2,-0.9,-0.9,0.3,0.0,-1.9,117062.72,11.7,-0.21,646842.47,-4.2,-2.0,3018506.73,7.0,0.22,20623.0,147993.0,391.93
2024-04-01,100.3,0.3,0.1,100.1,100.3,0.3,0.1,100.1,100.4,0.4,0.0,100.0,-2.5,-3.1,-4.8,-1.9,-3.6,-0.9,-0.8,0.3,0.1,-1.9,-0.2,-0.2,-1.0,0.3,-0.4,-0.1,-0.1,0.0,0.3,-0.5,-2.7,-3.3,-5.5,-2.6,-3.4,-1.0,-1.0,0.3,0.0,-2.0,117300.0,10.8,0.08,660100.0,-1.4,-3.75,3011900.0,7.2,-1.18,-658.0,127370.0,389.93
2024-03-01,100.1,0.1,-1.0,100.0,100.0,0.0,-1.0,100.0,100.1,0.1,-0.7,99.9,-2.8,-3.5,-5.8,-2.9,-3.6,-1.0,-1.3,0.3,-0.1,-1.8,-0.1,-0.1,-0.8,0.3,-0.2,-0.1,-0.4,0.0,0.0,0.0,-2.7,-3.3,-5.7,-2.9,-3.3,-1.0,-1.0,0.3,0.0,-2.0,117210.5,11.0,-3.14,685808.9,1.1,2.99,3047952.16,8.3,1.75,48335.0,128028.0,390.32
2024-02-01,100.7,0.7,1.0,100.0,100.8,0.8,1.1,100.0,100.5,0.5,0.9,99.8,-2.7,-3.4,-5.5,-3.4,-3.2,-0.9,-0.9,0.3,0.0,-1.9,-0.2,-0.3,0.2,-0.4,-0.3,-0.1,0.0,-0.1,-0.2,0.0,-2.6,-3.2,-5.7,-2.9,-3.1,-1.0,-0.9,0.2,0.0,-2.1,121009.93,12.5,-0.32,665916.09,1.2,-4.07,2995572.97,8.7,0.65,14959.0,79693.0,385.71
2024-01-01,99.2,-0.8,0.3,99.2,99.2,-0.8,0.3,99.2,99.2,-0.8,0.2,99.2,-2.5,-3.0,-6.0,-2.3,-3.1,-1.1,-1.0,0.1,0.0,-2.3,-0.2,-0.2,0.2,-0.2,-0.3,-0.2,-0.1,-0.2,0.0,-0.4,-2.5,-3.0,-6.0,-2.3,-3.1,-1.1,-1.0,0.1,0.0,-2.3,121398.54,5.9,7.01,694197.88,5.9,2.01,2976250.2,8.7,1.83,64734.0,64734.0,384.32
2023-12-01,99.7,-0.3,0.1,100.2,99.7,-0.3,0.1,100.3,99.5,-0.5,0.1,100.1,-2.7,-3.3,-7.0,-2.8,-3.2,-1.2,-1.4,0.1,-0.1,-2.2,-0.3,-0.3,-1.1,-0.5,-0.2,-0.1,-0.3,-0.2,-0.2,0.1,-3.0,-3.9,-7.7,-4.4,-3.3,-0.1,0.2,1.1,0.5,-1.1,113444.64,8.3,2.92,680542.52,1.3,0.69,2922713.33,9.7,0.37,19326.0,355799.0,378.08
2023-11-01,99.5,-0.5,-0.5,100.3,99.6,-0.4,-0.5,100.3,99.2,-0.8,-0.4,100.1,-3.0,-3.4,-7.3,-3.2,-3.1,-1.2,-1.7,0.1,0.2,-2.2,-0.3,-0.3,-0.3,-0.9,-0.1,-0.2,-0.3,-0.1,0.0,-0.2,-3.1,-3.9,-7.8,-4.5,-3.3,0.0,0.3,1.2,0.6,-1.1,110225.18,10.4,1.53,675903.41,1.3,0.18,2912014.22,10.0,1.03,24554.0,336473.0,376.39
2023-10-01,99.8,-0.2,-0.1,100.4,99.9,-0.1,-0.1,100.4,99.5,-0.5,-0.1,100.2,-2.6,-3.0,-6.2,-2.3,-3.0,-0.9,-1.2,0.4,0.4,-2.0,0.0,0.1,2.4,0.4,-0.2,-0.1,-0.3,0.1,0.0,-0.1,-3.1,-4.0,-7.8,-4.7,-3.3,0.1,0.5,1.3,0.6,-0.9,108565.35,10.2,-0.63,674696.07,1.9,-0.55,2882276.07,10.3,-0.5,18441.0,311919.0,374.17
2023-09-01,100.0,0.0,0.2,100.4,100.1,0.1,0.2,100.5,99.7,-0.3,0.3,100.3,-2.5,-3.0,-7.4,-2.8,-2.8,-0.3,-0.3,0.8,0.7,-1.2,0.4,0.5,1.8,1.3,0.1,0.1,0.2,0.2,0.1,0.0,-3.1,-4.1,-8.0,-4.9,-3.4,0.3,0.7,1.5,0.6,-0.8,109253.22,10.7,2.57,678443.65,2.1,-0.17,2896659.11,10.3,0.95,41326.0,293478.0,372.5
2023-08-01,100.1,0.1,0.3,100.5,100.2,0.2,0.2,100.5,99.8,-0.2,0.4,100.3,-3.0,-3.7,-9.9,-4.0,-3.1,-0.2,-0.2,1.0,0.6,-1.2,0.2,0.3,0.9,1.4,-0.2,0.1,0.6,-0.2,-0.3,-0.1,-3.2,-4.2,-8.1,-5.2,-3.4,0.3,0.9,1.5,0.6,-0.8,106515.36,9.5,0.36,679588.35,2.2,0.35,2869343.25,10.6,0.54,31279.0,252152.0,368.61
2023-07-01,99.7,-0.3,0.2,100.5,99.8,-0.2,0.3,100.6,99.4,-0.6,0.0,100.4,-4.4,-5.5,-14.7,-7.6,-3.8,-0.4,-0.9,1.5,0.8,-1.5,-0.2,-0.4,-0.1,-0.4,-0.4,0.3,0.3,0.6,0.2,0.2,-3.2,-4.3,-7.8,-5.3,-3.5,0.4,1.0,1.6,0.6,-0.7,106129.68,9.9,0.67,677218.92,2.3,-2.64,2854031.56,10.7,-0.66,5366.0,220873.0,365.77
2023-06-01,100.0,0.0,-0.2,100.7,100.0,0.0,-0.2,100.7,99.9,-0.1,-0.2,100.6,-5.4,-6.8,-16.2,-9.5,-4.7,-0.5,-0.6,1.0,0.3,-1.5,-0.8,-1.1,-3.5,-1.6,-0.6,-0.2,-0.2,0.3,0.1,-0.4,-3.1,-4.1,-6.6,-5.0,-3.4,0.6,1.3,1.6,0.6,-0.6,105419.2,9.8,0.63,695595.48,3.1,3.01,2873023.83,11.3,1.86,42265.0,215507.0,365.45
2023-05-01,100.2,0.2,-0.2,100.8,100.2,0.2,-0.2,100.8,100.1,0.1,-0.2,100.8,-4.6,-5.9,-11.5,-7.7,-4.6,-0.1,0.2,1.4,0.3,-1.1,-0.9,-1.2,-3.4,-1.5,-0.9,-0.2,-0.3,-0.1,0.1,-0.4,-2.6,-3.5,-4.6,-4.0,-3.2,0.8,1.7,1.8,0.6,-0.4,104756.71,9.6,-1.08,675252.98,4.7,0.82,2820504.68,11.6,0.43,15560.0,173242.0,361.42
2023-04-01,100.1,0.1,-0.1,101.0,100.2,0.2,-0.1,101.0,100.1,0.1,-0.2,100.9,-3.6,-4.7,-8.5,-6.3,-3.6,0.4,1.0,2.0,0.4,-0.6,-0.5,-0.6,-2.0,-0.8,-0.4,-0.3,-0.5,0.0,0.0,-0.3,-2.1,-2.9,-2.9,-3.0,-2.8,1.0,2.1,1.9,0.7,-0.2,105904.46,10.7,0.3,669761.55,5.3,-1.22,2808469.34,12.4,-0.22,12249.0,157682.0,359.95
2023-03-01,100.7,0.7,-0.3,101.3,100.7,0.7,-0.3,101.3,100.6,0.6,-0.3,101.2,-2.5,-3.4,-4.7,-4.2,-2.8,0.9,2.0,2.0,0.5,-0.2,0.0,0.0,-0.5,-0.2,0.1,0.0,-0.1,0.1,0.2,-0.1,-1.6,-2.3,-0.9,-1.9,-2.6,1.2,2.5,1.8,0.8,-0.1,105591.3,11.0,-1.87,678059.63,5.1,3.06,2814566.31,12.7,2.15,53867.0,145433.0,359.02
2023-02-01,101.0,1.0,-0.5,101.5,101.0,1.0,-0.5,101.6,101.0,1.0,-0.5,101.5,-1.4,-2.0,0.3,-1.3,-2.6,1.1,2.6,1.6,0.7,-0.2,0.0,0.1,-0.3,0.7,-0.1,-0.3,-0.1,-0.3,-0.3,-0.5,-1.1,-1.7,1.1,-0.7,-2.4,1.3,2.7,1.8,1.0,0.0,107602.58,10.6,-6.11,657938.74,5.8,0.42,2755249.23,12.9,0.63,31610.0,91566.0,353.97
2023-01-01,102.1,2.1,0.8,102.1,102.1,2.1,0.8,102.1,102.1,2.1,0.5,102.1,-0.8,-1.4,2.0,-0.1,-2.3,1.5,2.8,1.9,1.2,0.3,-0.4,-0.5,-1.0,-0.7,-0.4,-0.3,-0.5,-0.3,0.0,-0.2,-0.8,-1.4,2.0,-0.1,-2.3,1.5,2.8,1.9,1.2,0.3,114601.3,7.9,9.45,655214.16,6.7,-2.45,2738072.06,12.6,2.77,59956.0,59956.0,350.93
2022-12-01,101.8,1.8,0.0,102.0,101.8,1.8,0.0,102.0,101.8,1.8,-0.2,102.0,-0.7,-1.4,1.7,1.2,-2.7,1.8,3.2,2.4,1.3,0.6,-0.5,-0.6,-1.4,-0.8,-0.3,-0.2,-0.6,-0.2,0.1,0.1,4.1,4.9,16.5,10.3,1.5,1.5,2.7,1.8,1.6,0.1,104706.03,15.3,4.98,671674.76,3.7,0.69,2664320.84,11.8,0.65,13063.0,320104.0,344.21
2022-11-01,101.6,1.6,-0.2,102.0,101.5,1.5,-0.2,102.0,101.7,1.7,-0.2,102.0,-1.3,-2.3,-3.9,0.3,-3.2,2.0,3.9,2.3,1.4,0.4,0.1,0.0,0.9,-0.1,0.0,0.1,0.2,0.2,0.2,0.0,4.6,5.5,18.1,11.2,1.8,1.4,2.6,1.8,1.6,0.0,99740.12,14.1,1.34,667042.61,4.6,0.74,2647008.48,12.4,1.3,19837.0,307041.0,343.19
2022-10-01,102.1,2.1,0.1,102.0,102.0,2.0,0.0,102.0,102.5,2.5,0.1,102.0,-1.3,-2.5,-6.7,1.2,-3.5,2.2,4.6,2.5,1.6,0.2,0.2,0.1,1.0,-0.1,0.1,0.5,0.6,0.5,0.3,0.7,5.2,6.4,20.8,12.4,2.4,1.4,2.5,1.7,1.6,0.0,98416.71,14.4,-0.26,662140.99,5.8,-0.36,2612914.57,11.8,-0.52,9134.0,287204.0,341.42
2022-09-01,102.8,2.8,0.3,102.0,102.7,2.7,0.3,102.0,103.1,3.1,0.4,102.0,0.9,0.6,3.5,5.8,-1.9,1.8,4.1,2.3,1.6,-0.6,-0.1,-0.2,-0.8,0.1,-0.3,0.1,0.3,0.3,0.0,0.0,5.9,7.4,24.9,13.8,3.1,1.3,2.3,1.6,1.6,-0.1,98672.06,13.6,1.48,664535.17,6.4,-0.01,2626600.92,12.1,1.22,35411.0,278070.0,340.65
2022-08-01,102.5,2.5,-0.1,101.9,102.4,2.4,-0.1,101.9,102.7,2.7,-0.1,101.8,2.3,2.4,10.1,7.8,-0.7,1.6,3.7,2.2,1.5,-0.6,-1.2,-1.6,-4.5,-2.4,-0.9,-0.1,0.0,0.3,0.0,-0.4,6.6,8.3,28.1,14.9,3.7,1.2,2.0,1.5,1.6,0.0,97231.03,14.3,0.75,664604.85,6.1,0.42,2595068.27,12.2,0.66,24712.0,242659.0,337.22
2022-07-01,102.7,2.7,0.5,101.8,102.6,2.6,0.4,101.9,103.0,3.0,0.5,101.7,4.2,5.0,18.8,11.4,0.9,1.7,3.7,2.1,1.5,-0.3,-1.3,-1.7,-1.9,-2.5,-1.3,0.2,0.6,0.1,-0.3,0.2,7.2,9.2,31.0,15.9,4.3,1.2,1.8,1.4,1.6,0.1,96509.19,13.9,0.52,661832.33,6.7,-1.86,2578078.57,12.0,-0.13,7785.0,217947.0,334.9
2022-06-01,102.5,2.5,0.0,101.7,102.5,2.5,0.0,101.7,102.6,2.6,0.0,101.5,6.1,7.5,27.3,15.2,2.4,1.7,3.2,2.3,1.9,-0.2,0.0,-0.1,1.9,0.3,-0.4,0.3,0.5,0.7,0.1,-0.1,7.7,9.9,33.4,16.7,4.9,1.1,1.5,1.3,1.6,0.2,96011.17,13.9,0.49,674374.81,5.8,4.54,2581451.2,11.4,2.15,51926.0,210162.0,334.28
2022-05-01,102.1,2.1,-0.2,101.5,102.1,2.1,-0.2,101.6,102.1,2.1,-0.1,101.2,6.4,8.1,29.7,15.1,3.2,1.2,2.2,1.2,1.5,-0.1,0.1,0.1,-0.1,0.1,0.1,0.3,0.6,0.5,0.2,0.1,8.1,10.4,34.7,17.0,5.4,0.9,1.1,1.1,1.6,0.3,95546.86,13.5,-0.08,645107.52,4.6,1.41,2527026.15,11.1,1.09,28415.0,158236.0,329.2
2022-04-01,102.1,2.1,0.4,101.4,102.2,2.2,0.4,101.5,102.0,2.0,0.3,101.0,8.0,10.3,38.3,17.4,4.8,1.0,1.6,0.7,1.8,-0.1,0.6,0.8,2.0,1.4,0.4,0.2,0.4,0.0,0.2,0.0,8.5,11.0,36.1,17.6,6.0,0.9,0.8,1.1,1.6,0.3,95626.49,11.5,0.51,636139.01,5.1,-1.38,2499710.9,10.5,0.08,9327.0,129821.0,326.47
2022-03-01,101.5,1.5,0.0,101.1,101.6,1.6,0.0,101.2,101.2,1.2,0.0,100.7,8.3,10.7,38.0,16.7,5.7,0.9,0.8,0.8,1.9,0.3,1.1,1.4,4.8,2.9,0.4,0.2,0.5,-0.2,0.4,0.0,8.7,11.3,35.3,17.6,6.4,0.9,0.6,1.2,1.6,0.5,95141.92,10.0,-2.15,645063.8,4.7,3.77,2497688.34,9.7,2.3,46565.0,120494.0,325.63
2022-02-01,100.9,0.9,0.6,100.9,101.0,1.0,0.6,101.1,100.5,0.5,0.6,100.5,8.8,11.4,33.0,17.9,6.6,0.9,0.5,1.4,1.5,0.7,0.5,0.7,1.3,1.9,0.1,0.1,0.2,-0.1,0.2,-0.1,8.9,11.6,34.0,18.1,6.8,0.8,0.5,1.4,1.4,0.6,97227.7,5.8,-8.44,621612.11,4.7,1.26,2441488.9,9.2,0.43,12170.0,73929.0,321.12
2022-01-01,100.9,0.9,0.4,100.9,101.1,1.1,0.5,101.1,100.4,0.4,0.3,100.4,9.1,11.8,35.0,18.2,7.0,0.8,0.5,1.4,1.3,0.6,-0.2,-0.2,-1.3,0.6,-0.5,0.0,-0.1,0.2,0.1,0.2,9.1,11.8,35.0,18.2,7.0,0.8,0.5,1.4,1.3,0.6,106188.87,18.5,16.92,613859.35,-1.9,-5.19,2431022.72,9.8,2.02,61759.0,61759.0,320.03
2021-12-01,101.5,1.5,-0.3,100.9,101.6,1.6,-0.3,101.0,101.2,1.2,-0.3,100.7,10.3,13.4,44.2,19.7,8.2,1.0,1.4,1.0,1.4,0.4,-1.2,-1.6,-6.8,-1.7,-0.9,0.0,0.1,-0.3,0.1,-0.1,8.1,10.7,34.4,15.8,6.6,0.4,1.4,-0.2,0.5,-0.6,90825.15,7.7,3.88,647443.35,3.5,1.56,2382899.56,9.0,1.14,23580.0,313408.0,314.12
2021-11-01,102.3,2.3,0.4,100.9,102.4,2.4,0.3,100.9,102.2,2.2,0.6,100.6,12.9,17.0,60.5,25.0,10.1,1.0,1.6,1.2,1.4,0.1,0.0,-0.1,-2.1,0.9,-0.3,0.4,0.8,0.4,0.4,-0.2,7.9,10.4,33.5,15.4,6.5,0.3,1.4,-0.3,0.4,-0.7,87433.41,7.2,1.57,637482.04,3.0,1.82,2356012.76,8.5,0.85,25983.0,289828.0,311.9
2021-10-01,101.5,1.5,0.7,100.7,101.6,1.6,0.7,100.8,101.2,1.2,0.7,100.5,13.5,17.9,66.5,25.7,10.8,0.6,1.0,0.8,0.8,-0.1,2.5,3.3,12.1,4.4,1.8,0.1,0.2,0.3,0.3,-0.2,7.3,9.8,30.7,14.5,6.1,0.2,1.4,-0.5,0.3,-0.8,86085.78,6.2,-0.9,626082.12,2.8,0.23,2336160.48,8.7,-0.28,16176.0,263845.0,309.45
2021-09-01,100.7,0.7,0.0,100.6,100.8,0.8,0.0,100.7,100.2,0.2,0.1,100.4,10.7,14.2,49.4,20.4,8.9,0.4,0.7,0.4,0.4,0.2,1.2,1.5,5.5,1.9,0.9,0.0,-0.1,0.2,-0.1,0.0,6.7,8.9,26.7,13.2,5.6,0.2,1.5,-0.6,0.2,-0.8,86867.09,5.5,2.13,624645.68,3.7,-0.32,2342829.7,8.3,1.32,29026.0,247669.0,308.05
2021-08-01,100.8,0.8,0.1,100.6,101.0,1.0,0.1,100.7,100.3,0.3,0.2,100.4,9.5,12.7,41.8,18.3,8.0,0.3,0.9,0.0,0.1,-0.1,0.7,0.9,3.0,0.9,0.7,0.0,0.0,0.3,0.0,-0.2,6.2,8.2,23.9,12.3,5.2,0.2,1.6,-0.7,0.2,-1.0,85059.2,6.3,0.4,626658.69,4.2,1.01,2312267.68,8.2,0.44,29893.0,218643.0,305.29
2021-07-01,101.0,1.0,0.3,100.6,101.2,1.2,0.3,100.6,100.4,0.4,0.2,100.4,9.0,12.0,38.7,17.9,7.5,0.3,1.0,-0.4,0.5,-0.3,0.5,0.6,5.2,0.8,0.1,0.1,0.0,0.2,0.0,0.2,5.7,7.6,21.4,11.5,4.8,0.2,1.6,-0.8,0.2,-1.1,84717.56,6.1,0.44,620367.05,4.9,-2.68,2302153.82,8.3,-0.67,10752.0,188750.0,302.47
2021-06-01,101.1,1.1,-0.4,100.5,101.2,1.2,-0.4,100.6,100.7,0.7,-0.5,100.4,8.8,11.8,35.1,18.0,7.4,0.3,1.4,-0.8,0.3,-0.6,0.3,0.5,3.9,0.2,0.3,-0.2,-0.5,-0.3,-0.2,0.1,5.1,6.8,18.5,10.4,4.3,0.1,1.8,-0.9,0.2,-1.2,84346.97,6.2,0.2,637479.36,5.5,3.35,2317788.36,8.6,1.86,37017.0,177998.0,301.56
2021-05-01,101.3,1.3,-0.2,100.4,101.4,1.4,-0.1,100.4,101.1,1.1,-0.3,100.4,9.0,12.0,36.4,18.8,7.4,0.5,2.2,-0.6,0.5,-0.8,1.6,2.1,6.5,2.1,1.7,0.1,0.0,0.0,0.4,0.1,4.4,5.8,15.4,9.0,3.7,0.1,1.8,-0.9,0.2,-1.3,84177.72,5.6,-1.89,616828.32,6.1,1.88,2275538.07,8.3,0.59,19522.0,140981.0,297.98
2021-04-01,100.9,0.9,-0.3,100.2,101.0,1.0,-0.2,100.2,100.7,0.7,-0.5,100.2,6.8,9.1,24.9,15.2,5.4,0.3,1.8,-0.6,0.3,-0.9,0.9,1.2,1.8,0.8,1.3,0.1,-0.3,0.2,0.3,0.4,3.3,4.4,10.7,6.7,2.8,0.0,1.7,-1.0,0.1,-1.5,85803.37,5.3,-0.86,605421.89,6.2,-1.74,2262107.12,8.1,-0.63,18570.0,121459.0,296.15
2021-03-01,100.4,0.4,-0.5,100.0,100.5,0.5,-0.5,99.9,100.4,0.4,-0.6,100.0,4.4,5.8,12.3,10.1,3.4,0.1,2.0,-0.8,0.0,-1.4,1.6,2.0,1.0,3.9,1.3,0.2,0.2,0.3,0.0,0.3,2.1,2.8,6.6,4.0,2.0,-0.1,1.7,-1.1,0.0,-1.7,86543.64,4.2,-5.85,616113.17,7.1,3.81,2276488.45,9.4,1.81,33762.0,102889.0,294.56
2021-02-01,99.8,-0.2,0.6,99.7,99.8,-0.2,0.6,99.7,99.9,-0.1,0.4,99.9,1.7,2.3,6.8,2.9,1.7,-0.2,1.6,-1.3,-0.1,-1.8,0.8,1.1,2.8,2.1,0.4,0.0,0.2,0.0,0.0,-0.2,1.0,1.4,3.9,1.0,1.3,-0.2,1.6,-1.3,0.0,-1.8,91924.6,4.2,2.57,593487.46,7.4,-5.13,2236030.26,10.1,1.04,17243.0,69127.0,291.36
2021-01-01,99.7,-0.3,1.0,99.7,99.6,-0.4,1.0,99.6,99.9,-0.1,1.1,99.9,0.3,0.5,1.0,-0.8,1.0,-0.2,1.6,-1.3,0.0,-1.8,1.0,1.2,5.5,1.8,0.7,0.2,0.7,-0.2,0.1,-0.1,0.3,0.5,1.0,-0.8,1.0,-0.2,1.6,-1.3,0.0,-1.8,89625.24,-3.9,6.3,625563.81,14.7,0.0,2213047.33,9.4,1.2,51884.0,51884.0,289.74
2020-12-01,100.2,0.2,0.7,102.5,100.2,0.2,0.7,102.3,100.2,0.2,0.9,103.0,-0.4,-0.5,-0.4,-1.6,0.0,-0.4,0.9,-1.8,-0.4,-1.8,1.1,1.4,3.3,2.6,0.8,0.1,0.5,-0.2,0.0,-0.3,-1.8,-2.7,-5.2,-5.6,-1.3,0.5,2.9,-1.0,-0.3,-1.8,84314.53,9.2,3.33,625580.99,8.6,1.12,2186795.89,10.1,0.68,16476.0,347918.0,284.75
2020-11-01,99.5,-0.5,-0.6,102.7,99.6,-0.4,-0.6,102.5,99.2,-0.8,-0.6,103.3,-1.5,-1.8,-3.6,-4.2,-0.8,-0.8,0.1,-1.8,-0.5,-1.8,0.5,0.7,0.8,1.5,0.4,0.1,0.3,0.0,0.0,-0.2,-2.0,-2.9,-5.7,-5.9,-1.4,0.5,3.1,-1.0,-0.3,-1.8,81593.61,10.3,0.69,618632.17,10.0,1.55,2172002.55,10.7,1.04,21355.0,331442.0,283.25
2020-10-01,100.5,0.5,-0.3,103.0,100.5,0.5,-0.3,102.8,100.4,0.4,-0.5,103.7,-2.1,-2.7,-5.1,-6.0,-1.2,-0.5,0.8,-1.7,-0.7,-1.8,0.0,0.1,-0.1,0.2,0.0,-0.1,-0.2,-0.1,-0.1,0.0,-2.0,-3.0,-5.9,-6.1,-1.5,0.7,3.4,-0.9,-0.3,-1.8,81036.43,10.4,-1.62,609182.41,9.1,1.14,2149720.42,10.5,-0.66,13929.0,310087.0,281.25
2020-09-01,101.7,1.7,0.2,103.3,101.6,1.6,0.2,103.1,102.1,2.1,0.2,104.1,-2.1,-2.8,-4.8,-6.2,-1.3,-0.1,2.1,-1.7,-0.8,-1.9,0.1,0.2,0.6,0.3,0.1,-0.1,0.0,-0.2,-0.1,-0.3,-2.0,-3.0,-6.0,-6.1,-1.5,0.8,3.7,-0.8,-0.3,-1.8,82370.87,11.1,2.91,602312.12,8.1,0.17,2164084.8,10.9,1.28,34693.0,296158.0,280.05
2020-08-01,102.4,2.4,0.4,103.5,102.1,2.1,0.4,103.2,103.2,3.2,0.4,104.4,-2.0,-3.0,-5.8,-6.4,-1.4,0.6,3.1,-1.3,-0.4,-1.5,0.3,0.4,1.6,0.5,0.2,0.1,0.2,-0.2,0.5,-0.4,-2.0,-3.0,-6.1,-6.1,-1.6,0.9,3.9,-0.7,-0.2,-1.8,80042.71,9.4,0.22,601289.1,8.0,1.71,2136836.91,10.4,0.54,35853.0,261465.0,276.73
2020-07-01,102.7,2.7,0.6,103.7,102.4,2.4,0.6,103.4,103.7,3.7,0.8,104.5,-2.4,-3.5,-7.1,-6.9,-1.8,0.7,3.7,-1.1,-0.8,-1.6,0.4,0.5,3.1,0.9,0.1,0.1,0.6,-0.3,-0.2,0.0,-2.0,-3.0,-6.1,-6.1,-1.6,1.0,4.0,-0.6,-0.2,-1.9,79867.21,9.9,0.51,591192.64,6.9,-2.17,2125458.46,10.7,-0.44,16928.0,225612.0,273.33
2020-06-01,102.5,2.5,-0.1,103.8,102.2,2.2,-0.1,103.6,103.2,3.2,0.0,104.7,-3.0,-4.2,-10.5,-8.5,-2.0,0.6,3.2,-0.8,-0.3,-1.8,0.4,0.5,4.9,0.7,0.2,0.1,0.3,-0.1,0.0,-0.1,-1.9,-3.0,-6.0,-5.9,-1.5,1.0,4.1,-0.5,-0.1,-1.9,79459.41,9.5,-0.31,604317.97,6.5,3.99,2134948.66,11.1,1.66,34681.0,208684.0,271.78
2020-05-01,102.4,2.4,-0.8,104.1,102.3,2.3,-0.7,103.8,103.0,3.0,-0.9,105.0,-3.7,-5.1,-14.8,-9.9,-2.4,0.5,2.9,-0.6,-0.2,-1.7,-0.4,-0.5,-1.7,-1.1,-0.2,-0.3,-0.5,-0.1,-0.1,-0.2,-1.7,-2.7,-5.0,-5.4,-1.5,1.1,4.3,-0.5,0.0,-1.9,79706.83,9.5,-2.18,581111.06,6.8,1.92,2100183.74,11.1,0.32,31866.0,174003.0,268.38
2020-04-01,103.3,3.3,-0.9,104.5,103.0,3.0,-0.8,104.2,104.0,4.0,-1.0,105.5,-3.1,-4.5,-11.6,-8.8,-2.2,0.9,3.7,-0.6,-0.1,-1.7,-1.3,-1.8,-7.2,-3.3,-0.7,-0.1,-0.1,-0.2,-0.1,-0.1,-1.2,-2.1,-2.5,-4.3,-1.2,1.2,4.6,-0.4,0.0,-2.0,81485.21,10.2,-1.85,570150.48,5.5,-0.85,2093533.83,11.1,0.61,31027.0,142137.0,265.22
2020-03-01,104.3,4.3,-1.2,104.9,104.0,4.0,-1.2,104.6,105.3,5.3,-1.3,105.9,-1.5,-2.4,-4.0,-5.2,-1.2,1.2,4.5,-0.5,0.1,-1.9,-1.0,-1.2,-3.5,-2.7,-0.5,-0.2,-0.3,-0.3,-0.2,-0.1,-0.6,-1.3,0.6,-2.7,-0.9,1.3,4.9,-0.4,0.1,-2.0,83022.21,10.8,-5.86,575050.29,5.0,4.04,2080923.41,10.1,2.47,51838.0,111110.0,262.27
2020-02-01,105.2,5.2,0.8,105.3,104.8,4.8,0.8,105.0,106.3,6.3,0.9,106.3,-0.4,-1.0,1.1,-2.2,-0.7,1.4,5.1,-0.3,0.1,-2.0,-0.5,-0.7,-2.3,-1.3,-0.3,0.0,0.0,-0.1,0.1,-0.2,-0.2,-0.7,2.9,-1.5,-0.7,1.4,5.1,-0.3,0.1,-2.1,88187.05,10.9,-5.43,552700.73,4.8,1.31,2030830.42,8.8,0.38,8737.0,59272.0,257.17
2020-01-01,105.4,5.4,1.4,105.4,105.1,5.1,1.4,105.1,106.3,6.3,1.4,106.3,0.1,-0.4,4.7,-0.8,-0.6,1.3,5.1,-0.3,0.0,-2.3,0.0,0.0,0.8,0.3,-0.1,0.0,0.0,0.0,-0.1,-0.1,0.1,-0.4,4.7,-0.8,-0.6,1.3,5.1,-0.3,0.0,-2.3,93249.16,6.6,20.81,545531.79,0.0,-5.29,2023066.49,8.4,1.84,50535.0,50535.0,256.34
2019-12-01,104.5,4.5,0.0,102.9,104.2,4.2,0.0,102.8,105.3,5.3,-0.1,103.2,-0.5,-1.2,2.6,-2.6,-0.9,1.3,5.0,-0.1,0.1,-2.4,0.0,0.0,0.1,0.0,0.1,-0.2,-0.3,-0.2,-0.1,-0.3,-0.3,-0.8,2.4,-2.6,-0.3,0.9,2.7,1.1,0.4,-1.2,77189.47,5.4,4.35,576009.15,4.4,2.4,1986488.82,8.7,1.28,22013.0,255752.46,251.31
2019-11-01,104.5,4.5,0.4,102.8,104.2,4.2,0.3,102.7,105.5,5.5,0.5,103.0,-1.4,-2.5,-1.4,-5.0,-1.6,1.6,5.4,0.3,0.1,-2.1,-0.1,-0.2,-0.8,-0.4,-0.1,0.3,1.1,0.0,-0.3,-0.2,-0.3,-0.7,2.3,-2.6,-0.3,0.9,2.4,1.2,0.4,-1.1,73973.82,4.8,0.79,562486.52,3.5,0.78,1961429.56,8.2,0.81,19936.92,234722.18,249.27
2019-10-01,103.8,3.8,0.9,102.6,103.5,3.5,0.8,102.5,104.6,4.6,1.2,102.8,-1.6,-2.6,-1.9,-5.6,-1.5,1.4,4.4,0.6,0.4,-1.8,0.1,0.0,0.2,0.0,-0.1,0.3,1.1,0.0,-0.2,-0.1,-0.2,-0.5,2.7,-2.3,-0.1,0.8,2.1,1.3,0.5,-1.0,73395.4,4.7,-0.99,558143.92,3.3,0.18,1945600.55,8.4,-0.34,8680.0,214785.26,247.42
2019-09-01,103.0,3.0,0.9,102.5,102.8,2.8,0.7,102.4,103.6,3.6,1.3,102.6,-1.2,-2.0,0.6,-4.8,-1.2,1.1,3.3,0.9,0.8,-1.8,0.1,0.0,-0.5,0.0,0.0,0.5,1.0,0.1,0.3,0.1,0.0,-0.3,3.3,-2.0,0.0,0.8,1.9,1.4,0.5,-1.0,74129.75,4.0,1.34,557137.95,3.4,0.06,1952250.49,8.4,0.87,25142.21,206105.26,246.68
2019-08-01,102.8,2.8,0.7,102.4,102.8,2.8,0.6,102.4,103.1,3.1,1.0,102.4,-0.8,-1.3,2.8,-3.5,-0.8,0.7,2.6,0.9,0.6,-2.0,-0.1,-0.2,0.2,0.0,-0.3,0.2,0.8,0.0,0.1,-0.5,0.1,-0.1,3.6,-1.6,0.2,0.7,1.7,1.5,0.4,-0.8,73152.62,4.8,0.64,556798.09,3.4,0.68,1935492.43,8.2,0.84,21955.77,180963.05,244.31
2019-07-01,102.8,2.8,0.4,102.3,102.7,2.7,0.4,102.3,102.9,2.9,0.3,102.3,-0.3,-0.7,3.2,-2.9,-0.2,0.8,2.0,1.3,0.8,-1.2,-0.2,-0.3,-0.7,-0.8,-0.1,0.0,0.0,0.1,0.2,-0.1,0.2,0.1,3.8,-1.3,0.3,0.7,1.6,1.6,0.4,-0.7,72689.25,4.5,0.15,553043.11,3.1,-2.58,1919410.82,8.1,-0.1,12872.11,159007.28,242.19
2019-06-01,102.7,2.7,-0.1,102.2,102.7,2.7,-0.1,102.2,102.7,2.7,-0.2,102.2,0.0,-0.3,4.5,-2.1,0.0,0.9,2.2,1.6,0.5,-0.9,-0.3,-0.4,-0.1,-1.0,-0.2,0.0,0.0,0.0,0.1,0.0,0.3,0.2,3.8,-1.1,0.4,0.7,1.5,1.6,0.3,-0.6,72580.96,4.3,-0.3,567696.18,4.4,4.29,1921360.19,8.5,1.6,26243.3,146135.17,241.05
2019-05-01,102.7,2.7,0.0,102.2,102.7,2.7,0.0,102.2,102.8,2.8,0.1,102.2,0.6,0.6,6.1,-0.6,0.5,0.9,2.2,1.5,0.4,-0.8,0.2,0.2,1.9,0.2,0.0,0.1,0.4,0.0,0.1,-0.2,0.4,0.3,3.7,-0.9,0.5,0.7,1.4,1.6,0.3,-0.5,72798.46,4.3,-1.58,544355.64,3.4,0.69,1891153.7,8.5,0.34,17123.73,119891.87,238.5
2019-04-01,102.5,2.5,0.1,102.0,102.5,2.5,0.1,102.0,102.6,2.6,0.1,102.0,0.9,0.9,5.3,0.0,0.9,0.9,1.9,1.7,0.3,-0.6,0.3,0.4,0.8,0.5,0.3,0.2,0.6,-0.1,0.0,-0.2,0.3,0.3,3.1,-0.9,0.5,0.6,1.2,1.6,0.3,-0.5,73965.76,3.5,-1.3,540614.6,2.9,-1.27,1884670.33,8.5,-0.25,16709.54,102768.14,236.81
2019-03-01,102.3,2.3,-0.4,101.8,102.3,2.3,-0.4,101.9,102.3,2.3,-0.3,101.8,0.4,0.3,4.2,-0.6,0.4,0.5,1.2,1.7,0.3,-0.7,0.1,0.2,1.7,0.3,0.0,0.0,0.2,-0.1,-0.1,-0.2,0.2,0.0,2.4,-1.2,0.3,0.5,0.9,1.6,0.2,-0.4,74941.58,3.1,-5.72,547575.54,4.6,3.87,1889412.14,8.6,1.18,29602.34,86058.6,235.24
2019-02-01,101.5,1.5,1.0,101.6,101.5,1.5,1.0,101.6,101.4,1.4,0.9,101.5,0.1,-0.1,1.8,-1.5,0.3,0.4,0.8,1.6,0.2,-0.6,-0.1,0.0,1.1,0.1,-0.2,-0.1,0.1,-0.1,-0.1,-0.5,0.1,-0.1,1.5,-1.5,0.3,0.5,0.8,1.6,0.2,-0.3,79484.72,-2.4,-9.13,527190.48,1.6,-3.38,1867427.45,8.0,0.08,9665.13,56456.27,232.41
2019-01-01,101.7,1.7,0.5,101.7,101.8,1.8,0.5,101.8,101.7,1.7,0.4,101.7,0.1,-0.1,1.2,-1.6,0.3,0.6,0.8,1.6,0.3,0.0,-0.6,-0.8,-1.2,-1.5,-0.4,0.0,-0.1,0.2,0.0,-0.1,0.1,-0.1,1.2,-1.6,0.3,0.6,0.8,1.6,0.3,0.0,87470.62,17.2,19.48,545638.46,0.4,-1.1,1865935.33,8.4,2.15,46791.14,46791.14,231.55
2018-12-01,101.9,1.9,0.0,102.1,101.9,1.9,0.0,102.1,101.9,1.9,0.0,102.1,0.9,1.0,3.8,0.8,0.8,0.7,0.9,1.6,0.4,0.2,-1.0,-1.3,-3.9,-2.5,-0.6,0.0,0.1,0.2,-0.1,0.0,3.5,4.6,8.8,6.3,3.5,0.5,0.5,0.8,1.0,-0.2,73208.4,3.6,3.75,551685.91,1.5,1.51,1826744.22,8.1,0.75,19311.17,224920.2,227.04
2018-11-01,102.2,2.2,-0.3,102.1,102.2,2.2,-0.4,102.1,102.2,2.2,-0.3,102.1,2.7,3.3,9.2,4.6,2.2,0.8,1.1,1.5,0.8,0.1,-0.2,-0.3,-1.3,-1.1,0.0,0.2,0.2,0.4,0.1,0.1,3.8,4.9,9.3,6.9,3.7,0.5,0.5,0.7,1.1,-0.2,70563.3,2.8,0.65,543498.66,1.5,0.62,1813175.07,8.0,0.98,16127.17,205609.02,225.24
2018-10-01,102.5,2.5,0.2,102.1,102.5,2.5,0.2,102.1,102.6,2.6,0.2,102.1,3.3,4.2,12.4,6.7,2.5,0.7,0.9,1.2,1.0,-0.1,0.4,0.6,2.8,0.9,0.2,0.0,-0.1,0.3,0.2,-0.2,3.9,5.1,9.3,7.1,3.9,0.4,0.4,0.6,1.1,-0.2,70106.62,2.8,-1.61,540128.37,2.7,0.29,1795561.6,8.0,-0.34,9537.8,189481.86,223.75
2018-09-01,102.5,2.5,0.7,102.1,102.4,2.4,0.7,102.1,102.5,2.5,0.8,102.0,3.6,4.6,11.7,7.3,2.9,0.8,0.9,1.1,1.1,0.2,0.6,0.7,1.6,1.4,0.4,0.1,0.3,0.0,0.1,-0.1,4.0,5.2,9.0,7.1,4.0,0.4,0.4,0.6,1.1,-0.2,71254.26,2.2,2.12,538574.08,4.0,0.05,1801665.58,8.3,0.73,23061.25,179944.06,222.9
2018-08-01,102.3,2.3,0.7,102.0,102.3,2.3,0.6,102.0,102.3,2.3,0.8,102.0,4.1,5.2,12.1,7.8,3.5,0.7,0.7,1.1,1.2,0.2,0.4,0.5,0.6,0.6,0.4,0.3,0.3,0.4,0.3,0.2,4.0,5.2,8.6,7.1,4.2,0.4,0.3,0.5,1.1,-0.3,69775.39,3.3,0.35,538324.64,3.9,0.32,1788670.43,8.2,0.7,24078.25,156882.81,220.74
2018-07-01,102.1,2.1,0.3,102.0,102.1,2.1,0.4,102.0,102.0,2.0,0.1,101.9,4.6,6.0,13.4,9.0,4.1,0.6,0.7,0.7,1.1,-0.2,0.1,0.1,0.6,-0.1,0.1,0.2,0.2,0.4,-0.1,0.2,4.0,5.2,8.1,7.0,4.3,0.3,0.2,0.4,1.1,-0.4,69530.59,3.6,-0.08,536624.29,5.1,-1.35,1776196.11,8.5,0.34,18381.94,132804.56,218.49
2018-06-01,101.9,1.9,-0.1,102.0,101.8,1.8,0.0,102.0,101.9,1.9,-0.1,101.9,4.7,6.1,11.5,8.8,4.6,0.4,0.7,0.3,1.1,-0.5,0.3,0.4,1.3,0.6,0.3,0.0,0.1,-0.1,0.0,0.0,3.9,5.1,7.3,6.7,4.3,0.3,0.2,0.4,1.1,-0.4,69589.33,3.9,-0.27,543944.71,6.6,3.36,1770178.37,8.0,1.56,20372.96,114422.61,216.78
2018-05-01,101.8,1.8,-0.2,102.0,101.8,1.8,-0.2,102.0,101.7,1.7,-0.1,101.9,4.1,5.4,8.1,7.4,4.4,0.3,0.3,0.3,1.1,-0.7,0.4,0.5,1.1,0.8,0.3,0.0,0.1,0.1,0.0,-0.1,3.7,4.9,6.5,6.3,4.2,0.2,0.1,0.4,1.1,-0.4,69774.81,3.6,-2.38,526276.72,6.0,0.16,1743063.79,8.3,0.31,11233.62,94049.65,214.81
2018-04-01,101.8,1.8,-0.2,102.1,101.8,1.8,-0.2,102.1,101.7,1.7,-0.3,101.9,3.4,4.5,6.1,5.7,3.9,0.1,0.1,0.2,0.9,-0.6,-0.2,-0.2,-0.2,-0.1,-0.2,-0.1,-0.1,-0.2,0.0,-0.2,3.6,4.8,6.1,6.0,4.2,0.2,0.0,0.4,1.1,-0.3,71476.46,4.5,-1.67,525447.77,7.2,0.36,1737683.73,8.3,-0.13,22242.94,82816.03,213.72
2018-03-01,102.1,2.1,-1.1,102.1,102.1,2.1,-1.1,102.2,101.9,1.9,-1.2,102.0,3.1,4.1,5.0,5.1,3.7,0.2,0.0,0.3,0.9,-0.3,-0.2,-0.2,-0.8,-0.5,0.0,-0.2,-0.2,-0.2,-0.1,-0.1,3.7,4.9,6.1,6.1,4.3,0.3,0.0,0.5,1.1,-0.2,72692.63,6.0,-10.72,523540.07,7.1,1.26,1739859.48,8.2,0.62,17091.48,60573.09,211.62
2018-02-01,102.9,2.9,1.2,102.2,103.0,3.0,1.3,102.2,102.7,2.7,1.1,102.1,3.7,4.8,6.4,5.9,4.2,0.3,0.0,0.5,1.1,-0.1,-0.1,-0.1,0.6,0.0,-0.2,0.0,0.0,0.0,-0.1,0.1,4.0,5.2,6.6,6.6,4.6,0.3,0.0,0.6,1.3,-0.2,81424.24,13.5,9.09,517035.99,8.5,-4.82,1729070.12,8.8,0.48,12064.39,43481.61,210.05
2018-01-01,101.5,1.5,0.6,101.5,101.5,1.5,0.6,101.5,101.5,1.5,0.6,101.5,4.3,5.7,6.8,7.3,4.9,0.3,0.0,0.8,1.4,-0.3,0.3,0.3,1.3,0.9,0.0,0.1,0.0,0.2,0.1,0.0,4.3,5.7,6.8,7.3,4.9,0.3,0.0,0.8,1.4,-0.3,74636.29,-13.8,5.65,543247.13,15.0,-0.1,1720814.46,8.6,1.81,31417.22,31417.22,208.88
2017-12-01,101.8,1.8,0.3,101.6,101.9,1.9,0.3,101.7,101.7,1.7,0.4,101.3,4.9,6.4,9.1,8.1,5.5,0.5,0.2,0.6,1.6,-0.2,0.8,0.9,1.1,1.2,0.8,0.2,0.2,0.2,0.3,0.0,6.3,8.3,20.7,11.5,6.1,0.7,0.6,1.2,1.3,-0.1,70645.6,3.4,2.95,543790.15,11.8,1.54,1690235.31,8.07,0.66,18102.88,261535.84,205.91
2017-11-01,101.7,1.7,0.0,101.5,101.8,1.8,0.0,101.6,101.5,1.5,0.0,101.2,5.8,7.5,10.8,9.7,6.3,0.6,0.4,0.7,1.7,0.0,0.5,0.6,1.7,1.0,0.3,0.1,0.0,0.1,0.2,-0.1,6.4,8.5,21.9,11.9,6.1,0.7,0.6,1.2,1.3,-0.1,68623.16,5.7,0.58,535565.05,12.7,1.82,1679156.64,9.11,1.0,22955.98,243432.96,204.19
2017-10-01,101.9,1.9,0.1,101.5,101.9,1.9,0.1,101.6,101.7,1.7,0.2,101.2,6.9,9.0,14.7,11.6,7.5,0.8,0.6,0.9,1.9,0.0,0.7,0.9,2.1,1.4,0.6,0.1,-0.1,0.1,0.3,0.1,6.5,8.6,23.2,12.1,6.1,0.7,0.7,1.3,1.2,-0.1,68230.69,6.3,-2.18,525977.19,13.0,1.57,1662449.96,8.88,-0.07,15861.15,220476.98,201.96
2017-09-01,101.6,1.6,0.5,101.5,101.7,1.7,0.5,101.6,101.4,1.4,0.6,101.1,6.9,9.1,17.2,11.9,7.3,0.7,0.7,1.2,1.3,0.0,1.0,1.3,2.0,1.9,1.0,0.1,0.2,0.1,0.2,-0.1,6.5,8.6,24.2,12.2,6.0,0.7,0.7,1.3,1.2,-0.1,69748.54,7.2,3.25,517863.04,14.0,-0.05,1663666.05,8.98,0.65,25438.61,204615.83,200.44
2017-08-01,101.8,1.8,0.4,101.5,101.9,1.9,0.4,101.6,101.5,1.5,0.5,101.1,6.3,8.3,18.2,11.0,6.4,0.6,0.7,1.4,0.8,0.0,0.9,1.2,1.8,1.7,1.0,0.1,0.3,0.0,0.2,-0.1,6.4,8.5,25.2,12.2,5.8,0.6,0.7,1.3,1.2,-0.2,67550.99,6.5,0.63,518113.93,14.0,1.49,1652947.3,8.56,1.01,20485.51,179177.22,197.94
2017-07-01,101.4,1.4,0.1,101.4,101.5,1.5,0.1,101.5,101.0,1.0,0.0,101.0,5.5,7.3,15.8,9.3,5.8,0.5,0.4,1.2,0.6,0.0,0.2,0.2,-1.1,-0.2,0.5,0.0,0.1,0.0,-0.1,0.0,6.4,8.6,26.2,12.4,5.7,0.7,0.6,1.3,1.2,-0.2,67129.04,6.1,0.23,510484.58,15.3,0.05,1636341.11,8.89,-0.19,21188.11,158691.71,195.98
2017-06-01,101.5,1.5,-0.2,101.4,101.7,1.7,-0.1,101.5,101.0,1.0,-0.2,101.0,5.5,7.3,18.3,10.0,5.4,0.5,0.1,1.3,1.0,0.1,-0.2,-0.2,-1.7,-0.7,0.1,-0.1,-0.2,0.0,0.0,-0.2,6.6,8.8,28.1,12.9,5.7,0.7,0.7,1.3,1.3,-0.2,66977.68,6.6,-0.53,510228.17,15.0,2.79,1639497.05,9.1,1.85,25885.91,137503.61,193.97
2017-05-01,101.5,1.5,-0.1,101.4,101.7,1.7,-0.1,101.5,101.1,1.1,-0.1,101.1,5.5,7.3,22.7,11.1,4.6,0.6,0.3,1.5,1.1,0.2,-0.3,-0.4,-0.8,-0.7,-0.2,-0.1,-0.2,0.0,-0.2,0.0,6.8,9.1,30.2,13.5,5.8,0.7,0.8,1.3,1.4,-0.3,67333.21,7.3,-1.55,496389.78,17.0,1.27,1609740.77,9.13,0.36,17811.73,111617.7,191.46
2017-04-01,101.2,1.2,0.1,101.4,101.3,1.3,0.1,101.5,100.8,0.8,0.0,101.1,6.4,8.4,28.3,13.0,5.2,0.7,0.5,1.5,1.4,-0.1,-0.4,-0.6,-1.2,-0.8,-0.4,-0.1,-0.2,0.0,-0.1,0.1,7.2,9.5,32.2,14.1,6.0,0.8,0.9,1.3,1.5,-0.4,68392.6,6.2,-0.31,490180.42,18.5,0.29,1603918.84,9.84,-0.25,19558.92,93805.96,189.71
2017-03-01,100.9,0.9,-0.3,101.4,101.0,1.0,-0.3,101.5,100.6,0.6,-0.4,101.1,7.6,10.1,33.7,14.9,6.5,0.7,0.7,1.3,1.4,-0.4,0.3,0.5,0.6,0.3,0.5,0.0,-0.2,0.0,0.1,0.1,7.4,9.9,33.6,14.5,6.3,0.8,1.1,1.2,1.5,-0.5,68605.05,6.1,-4.35,488770.09,18.8,2.57,1607938.98,10.12,1.14,25471.64,74247.04,187.79
2017-02-01,100.8,0.8,-0.2,101.7,100.9,0.9,-0.2,101.8,100.6,0.6,-0.1,101.4,7.8,10.4,36.1,15.5,6.6,0.8,1.1,1.3,1.5,-0.6,0.6,0.7,1.0,1.2,0.5,0.1,0.0,0.2,0.2,-0.1,7.3,9.7,33.5,14.2,6.2,0.8,1.2,1.2,1.5,-0.6,71727.69,3.3,-17.17,476527.6,21.4,0.85,1589857.0,10.45,0.36,11055.32,48775.4,185.25
2017-01-01,102.5,2.5,1.0,102.5,102.6,2.6,1.0,102.6,102.2,2.2,0.9,102.2,6.9,9.1,31.0,12.9,5.9,0.8,1.3,1.1,1.5,-0.6,0.8,1.1,3.5,1.7,0.6,0.2,0.3,0.0,0.4,0.1,6.9,9.1,31.0,12.9,5.9,0.8,1.3,1.1,1.5,-0.6,86598.61,19.4,26.78,472526.45,14.5,-2.88,1584194.56,10.7,2.2,37720.08,37720.08,184.14
2016-12-01,102.1,2.1,0.2,102.0,102.1,2.1,0.2,102.1,101.9,1.9,0.3,101.9,5.5,7.2,21.1,9.8,5.1,0.8,1.3,1.3,1.3,-0.8,1.6,2.0,2.7,2.7,1.6,0.3,0.4,0.3,0.4,0.1,-1.4,-1.8,-4.6,-3.3,-1.0,0.0,0.6,0.9,0.0,-1.5,68303.87,8.1,5.24,486557.24,21.4,2.35,1550066.67,11.3,1.28,16260.0,178022.72,155.99
2016-11-01,102.3,2.3,0.1,102.0,102.3,2.3,0.1,102.0,102.0,2.0,0.2,101.9,3.3,4.3,14.8,5.8,2.9,0.4,0.9,1.1,0.7,-1.0,1.5,2.0,5.2,2.7,1.4,0.2,0.3,0.2,0.4,0.0,-2.0,-2.6,-6.7,-4.4,-1.6,-0.1,0.5,0.8,-0.1,-1.5,64903.5,7.6,1.07,475405.54,22.7,2.14,1530432.06,11.4,0.72,18328.0,161762.72,154.35
2016-10-01,102.1,2.1,-0.1,102.0,102.2,2.2,-0.1,102.0,101.8,1.8,-0.1,101.8,1.2,1.6,7.9,1.9,0.9,0.1,0.6,0.9,0.2,-1.2,0.7,1.0,4.4,1.7,0.4,0.0,0.0,0.4,-0.3,0.0,-2.5,-3.3,-8.7,-5.4,-2.0,-0.2,0.4,0.8,-0.2,-1.6,64214.93,7.2,-1.31,465446.65,23.9,2.44,1519485.4,11.6,0.21,8865.0,143434.72,152.43
2016-09-01,101.9,1.9,0.7,102.0,102.0,2.0,0.7,102.0,101.6,1.6,0.7,101.8,0.1,0.1,2.1,-0.2,0.1,0.0,0.3,0.7,0.5,-1.5,0.5,0.6,2.9,1.1,0.2,0.0,0.1,0.2,-0.2,-0.1,-2.9,-3.8,-10.4,-6.1,-2.3,-0.2,0.4,0.8,-0.2,-1.6,65068.62,6.6,2.54,454340.25,24.7,-0.04,1516360.5,11.5,0.36,17115.0,134569.72,151.51
2016-08-01,101.3,1.3,0.1,102.0,101.4,1.4,0.1,102.0,101.0,1.0,0.1,101.9,-0.8,-1.0,-3.2,-2.3,-0.4,0.0,0.1,0.8,0.7,-1.3,0.2,0.3,-0.3,0.1,0.4,-0.1,-0.1,-0.2,0.0,0.0,-3.2,-4.3,-11.9,-6.9,-2.6,-0.2,0.4,0.8,-0.3,-1.6,63454.7,7.4,0.28,454543.6,25.3,2.62,1510982.91,11.4,1.3,14605.0,117454.72,149.81
2016-07-01,101.8,1.8,0.2,102.1,101.8,1.8,0.3,102.1,101.5,1.5,0.0,102.0,-1.7,-2.3,-5.6,-4.5,-1.2,0.0,0.2,1.1,0.6,-1.4,0.2,0.3,1.0,0.4,0.1,0.0,-0.2,0.1,0.3,0.1,-3.6,-4.7,-13.0,-7.5,-2.9,-0.2,0.5,0.8,-0.4,-1.7,63276.01,7.2,0.73,442934.43,25.4,-0.16,1491558.72,10.2,0.07,4791.0,102849.72,148.37
2016-06-01,101.9,1.9,-0.1,102.1,101.9,1.9,-0.1,102.1,101.9,1.9,-0.1,102.1,-2.6,-3.5,-8.2,-6.1,-2.0,-0.1,0.6,1.0,0.0,-1.7,-0.2,-0.3,1.9,0.3,-0.6,0.0,0.0,0.2,0.1,-0.1,-3.9,-5.1,-14.2,-8.0,-3.2,-0.3,0.5,0.8,-0.6,-1.7,62818.89,7.2,0.06,443643.7,24.6,4.57,1490491.83,11.8,1.97,16479.0,98058.72,147.99
2016-05-01,102.0,2.0,-0.5,102.1,102.0,2.0,-0.5,102.2,102.1,2.1,-0.4,102.1,-2.8,-3.7,-9.6,-7.2,-1.8,-0.2,0.6,0.7,-0.3,-1.7,0.5,0.7,3.8,0.9,0.4,0.0,0.0,-0.1,0.1,-0.3,-4.1,-5.5,-15.4,-8.3,-3.5,-0.3,0.5,0.7,-0.7,-1.7,62780.71,6.3,-2.52,424250.7,23.7,2.6,1461695.11,11.8,1.14,6769.54,81579.26,146.33
2016-04-01,102.3,2.3,-0.2,102.2,102.3,2.3,-0.2,102.2,102.4,2.4,-0.2,102.1,-3.4,-4.5,-13.0,-7.7,-2.5,-0.2,0.7,0.7,-0.5,-1.7,0.7,1.0,2.9,0.9,0.9,-0.1,0.1,-0.2,-0.1,-0.2,-4.5,-5.9,-16.9,-8.6,-3.9,-0.4,0.5,0.7,-0.8,-1.7,64403.17,6.0,-0.38,413504.84,22.9,0.47,1445209.59,12.8,-0.07,7809.39,74809.72,145.59
2016-03-01,102.3,2.3,-0.4,102.1,102.3,2.3,-0.4,102.1,102.2,2.2,-0.4,102.0,-4.3,-5.7,-16.3,-8.8,-3.6,-0.2,0.7,0.8,-0.6,-1.7,0.5,0.7,2.4,0.8,0.5,0.1,0.2,0.0,0.2,-0.1,-4.8,-6.4,-18.1,-8.9,-4.3,-0.4,0.4,0.7,-0.9,-1.7,64651.21,4.4,-6.87,411581.31,22.1,4.86,1446198.03,13.4,1.51,23930.51,67000.33,144.75
2016-02-01,102.3,2.3,1.6,102.0,102.3,2.3,1.6,102.1,102.2,2.2,1.6,101.9,-4.9,-6.5,-18.2,-8.9,-4.5,-0.4,0.4,0.7,-1.0,-1.7,-0.3,-0.5,-2.8,-1.0,-0.1,0.1,0.2,0.0,0.2,-0.1,-5.1,-6.7,-19.0,-9.0,-4.7,-0.5,0.3,0.7,-1.1,-1.7,69421.5,-4.8,-4.28,392504.7,17.4,-4.89,1424618.68,13.3,0.59,8312.09,43069.81,142.52
2016-01-01,101.8,1.8,0.5,101.8,101.8,1.8,0.5,101.8,101.5,1.5,0.5,101.5,-5.3,-6.9,-19.8,-9.1,-4.9,-0.5,0.2,0.7,-1.2,-1.6,-0.5,-0.7,-4.3,-1.1,-0.2,0.1,0.2,0.3,0.1,-0.1,-5.3,-6.9,-19.8,-9.1,-4.9,-0.5,0.2,0.7,-1.2,-1.6,72526.51,15.1,14.73,412685.64,18.6,2.93,1416319.55,14.0,1.73,34757.72,34757.72,141.57
2015-12-01,101.6,1.6,0.5,101.4,101.7,1.7,0.5,101.5,101.5,1.5,0.5,101.3,-5.9,-7.6,-19.7,-10.3,-5.4,-0.4,-0.1,0.7,-0.9,-1.1,-0.6,-0.8,-2.7,-1.1,-0.5,0.0,0.1,0.1,-0.1,-0.1,-5.2,-6.7,-19.7,-9.5,-4.3,-0.3,0.0,0.7,-0.7,-0.8,63216.58,4.9,4.79,400953.44,15.2,3.44,1392278.11,13.3,1.33,18151.39,152936.08,138.14
2015-11-01,101.5,1.5,0.0,101.4,101.5,1.5,0.0,101.5,101.3,1.3,0.0,101.3,-5.9,-7.6,-19.9,-10.7,-5.2,-0.4,-0.2,0.7,-0.9,-1.0,-0.5,-0.7,-1.1,-1.1,-0.5,-0.1,-0.1,0.0,-0.1,-0.2,-5.2,-6.7,-19.7,-9.5,-4.2,-0.3,0.0,0.7,-0.7,-0.8,60328.24,3.2,0.71,387618.32,15.7,3.14,1373956.01,13.7,0.95,10224.27,134784.69,
2015-10-01,101.3,1.3,-0.3,101.4,101.3,1.3,-0.3,101.5,101.2,1.2,-0.3,101.3,-5.9,-7.6,-20.8,-10.8,-4.9,-0.4,-0.2,0.8,-1.0,-0.8,-0.4,-0.5,-1.1,-0.5,-0.4,-0.1,-0.3,0.1,0.0,-0.1,-5.1,-6.6,-19.7,-9.4,-4.1,-0.2,0.0,0.7,-0.7,-0.7,59900.48,3.8,-1.84,375806.45,14.0,3.13,1361020.7,13.5,0.09,5303.39,124560.41,
2015-09-01,101.6,1.6,0.1,101.4,101.6,1.6,0.1,101.5,101.5,1.5,0.1,101.3,-5.95,-7.72,-21.23,-11.36,-4.82,-0.25,0.03,0.83,-1.02,-0.58,-0.4,-0.56,-2.19,-0.93,-0.27,0.07,-0.09,0.39,0.06,0.12,-4.99,-6.46,-19.54,-9.21,-3.97,-0.23,0.02,0.64,-0.63,-0.74,61022.97,3.7,3.32,364416.9,11.4,0.45,1359824.06,13.1,0.21,13289.77,119257.02,134.7
2015-08-01,102.0,2.0,0.5,101.4,102.0,2.0,0.4,101.5,101.8,1.8,0.6,101.2,-5.92,-7.66,-20.87,-11.11,-4.86,-0.33,0.14,0.59,-1.15,-0.78,-0.78,-1.03,-2.46,-1.96,-0.52,-0.03,0.05,0.04,-0.13,-0.09,-4.87,-6.31,-19.34,-8.95,-3.86,-0.22,0.02,0.62,-0.58,-0.76,59061.79,1.8,0.09,362793.73,9.3,2.74,1356907.98,13.3,0.27,10856.47,105967.25,
2015-07-01,101.6,1.6,0.3,101.3,101.7,1.7,0.3,101.4,101.5,1.5,0.3,101.2,-5.37,-6.95,-19.44,-9.68,-4.53,-0.28,0.17,0.54,-1.0,-0.75,-0.68,-0.88,-1.48,-1.2,-0.7,-0.05,0.13,0.01,-0.24,-0.17,-4.72,-6.12,-19.13,-8.64,-3.72,-0.21,0.0,0.63,-0.5,-0.75,59010.71,2.9,0.69,353122.19,6.6,-0.83,1353210.92,13.3,1.49,7418.66,95110.78,
2015-06-01,101.4,1.4,0.0,101.3,101.4,1.4,0.0,101.3,101.2,1.2,0.1,101.1,-4.81,-6.24,-18.52,-8.48,-4.05,-0.23,0.06,0.51,-0.73,-0.65,-0.43,-0.56,-0.11,-0.86,-0.47,-0.03,0.0,0.01,-0.15,0.01,-4.61,-5.98,-19.08,-8.47,-3.58,-0.2,-0.03,0.64,-0.42,-0.75,58604.26,2.9,-0.8,356082.86,4.3,3.79,1333375.36,11.8,1.99,18334.17,87692.12,131.7
2015-05-01,101.2,1.2,-0.2,101.3,101.3,1.3,-0.2,101.3,101.0,1.0,-0.1,101.1,-4.61,-5.95,-19.22,-7.91,-3.79,-0.29,0.11,0.48,-0.58,-1.07,-0.09,-0.11,-0.5,0.32,-0.25,-0.05,0.06,0.02,-0.02,-0.27,-4.57,-5.93,-19.19,-8.47,-3.49,-0.19,-0.05,0.67,-0.36,-0.78,59075.97,1.8,-2.79,343085.86,4.7,1.99,1307357.63,10.8,2.08,12361.5,69357.95,
2015-04-01,101.5,1.5,-0.2,101.3,101.6,1.6,-0.2,101.3,101.3,1.3,-0.3,101.1,-4.57,-5.92,-19.63,-8.27,-3.53,-0.23,0.09,0.51,-0.55,-0.87,-0.26,-0.32,-1.09,-0.4,-0.23,-0.07,0.09,-0.21,-0.08,-0.19,-4.56,-5.92,-19.18,-8.61,-3.42,-0.17,-0.09,0.71,-0.3,-0.7,60772.46,3.7,-1.9,336388.24,3.7,-0.24,1280779.14,10.1,0.43,10556.93,56996.45,
2015-03-01,101.4,1.4,-0.5,101.2,101.4,1.4,-0.5,101.2,101.2,1.2,-0.6,101.0,-4.56,-5.93,-19.56,-8.37,-3.5,-0.14,-0.03,0.74,-0.4,-0.62,-0.07,-0.09,-0.29,0.44,-0.3,-0.01,0.0,-0.02,-0.07,0.06,-4.56,-5.92,-19.04,-8.72,-3.38,-0.14,-0.15,0.78,-0.22,-0.64,61949.81,6.2,-15.02,337210.52,2.9,0.83,1275332.78,11.6,1.43,12406.67,46439.52,127.68
2015-02-01,101.4,1.4,1.2,101.1,101.5,1.5,1.3,101.2,101.2,1.2,1.0,100.9,-4.8,-6.24,-20.12,-9.21,-3.53,-0.13,-0.14,0.75,-0.18,-0.63,-0.73,-0.97,-4.08,-1.16,-0.62,0.02,0.03,-0.01,0.02,0.01,-4.56,-5.92,-18.78,-8.89,-3.32,-0.14,-0.2,0.8,-0.13,-0.66,72896.19,17.0,15.63,334439.22,5.6,-3.93,1257380.48,12.5,1.18,13564.18,34032.85,
2015-01-01,100.8,0.8,0.3,100.8,100.8,0.8,0.3,100.8,100.6,0.6,0.2,100.6,-4.32,-5.6,-17.45,-8.58,-3.1,-0.15,-0.26,0.84,-0.08,-0.68,-1.09,-1.42,-4.5,-2.41,-0.71,-0.06,-0.05,0.22,-0.09,-0.2,-4.32,-5.6,-17.45,-8.58,-3.1,-0.15,-0.26,0.84,-0.08,-0.68,63040.51,-17.6,4.62,348109.5,10.6,0.02,1242710.22,10.8,1.17,20468.67,20468.67,
2014-12-01,101.5,1.5,0.3,102.0,101.6,1.6,0.3,102.1,101.3,1.3,0.3,101.8,-3.32,-4.29,-13.2,-6.36,-2.51,-0.16,-0.29,0.57,0.01,-0.58,-0.63,-0.82,-2.84,-1.53,-0.34,-0.03,-0.07,0.09,-0.08,0.0,-1.89,-2.47,-6.5,-2.99,-1.84,-0.02,0.16,0.69,0.09,-0.83,60259.53,2.9,3.12,348056.41,3.2,3.86,1228374.81,12.2,1.64,16945.0,164133.0,122.86
2014-11-01,101.4,1.4,-0.2,102.0,101.5,1.5,-0.2,102.1,101.3,1.3,-0.2,101.8,-2.69,-3.49,-10.65,-4.69,-2.25,-0.13,-0.15,0.5,0.07,-0.69,-0.49,-0.64,-2.26,-1.24,-0.23,-0.04,-0.09,0.12,-0.16,0.03,-1.76,-2.3,-5.91,-2.68,-1.78,0.0,0.2,0.7,0.1,-0.85,58438.53,3.5,1.29,335114.13,3.2,1.67,1208605.95,12.3,0.78,11463.0,147012.0,
2014-10-01,101.6,1.6,0.0,102.1,101.7,1.7,0.1,102.2,101.4,1.4,0.0,101.9,-2.24,-2.95,-8.87,-3.68,-2.05,0.04,0.17,0.51,0.28,-0.69,-0.4,-0.6,-1.71,-1.05,-0.31,0.02,-0.05,0.17,-0.09,0.12,-1.67,-2.19,-5.44,-2.48,-1.74,0.01,0.24,0.72,0.1,-0.87,57691.64,3.8,-1.96,329617.73,3.2,0.73,1199236.31,12.6,-0.23,6627.0,135549.0,
2014-09-01,101.6,1.6,0.5,102.1,101.7,1.7,0.5,102.2,101.4,1.4,0.4,101.9,-1.8,-2.39,-6.68,-2.72,-1.83,0.11,0.35,0.65,0.36,-0.83,-0.4,-0.5,-1.74,-0.64,-0.31,0.0,0.03,0.16,-0.07,-0.08,-1.6,-2.1,-5.06,-2.35,-1.7,0.01,0.25,0.75,0.08,-0.89,58844.99,4.2,1.46,327220.21,4.8,-1.45,1202051.41,12.9,0.38,11355.0,128922.0,
2014-08-01,102.0,2.0,0.2,102.2,102.0,2.0,0.1,102.3,101.9,1.9,0.3,102.0,-1.2,-1.65,-4.44,-1.48,-1.45,0.24,0.62,0.67,0.44,-0.78,-0.2,-0.27,-0.71,-0.39,-0.17,0.02,0.09,-0.01,0.02,-0.05,-1.58,-2.07,-4.87,-2.31,-1.69,-0.01,0.24,0.76,0.04,-0.9,57997.61,5.6,1.14,332023.23,5.7,0.2,1197499.08,12.8,0.27,9577.0,117567.0,
2014-07-01,102.3,2.3,0.1,102.3,102.3,2.3,0.1,102.3,102.1,2.1,0.0,102.0,-0.87,-1.22,-3.37,-0.78,-1.19,0.26,0.71,0.74,0.42,-0.88,-0.09,-0.12,-0.36,0.12,-0.2,0.0,0.02,-0.01,0.03,-0.07,-1.63,-2.13,-4.93,-2.42,-1.72,-0.04,0.18,0.77,-0.02,-0.91,57346.5,5.4,0.69,331347.32,6.7,-2.97,1194249.24,13.5,-1.27,2737.0,107990.0,
2014-06-01,102.3,2.3,-0.1,102.3,102.4,2.4,-0.1,102.3,102.1,2.1,-0.1,102.0,-1.11,-1.53,-4.0,-1.46,-1.31,0.23,0.69,0.79,0.31,-0.89,-0.21,-0.25,-0.96,-0.24,-0.19,-0.09,0.05,-0.02,0.0,-0.43,-1.76,-2.27,-5.17,-2.69,-1.81,-0.09,0.09,0.78,-0.09,-0.92,56951.05,5.3,-1.89,341487.45,8.9,4.16,1209587.2,14.7,2.31,19673.0,105253.0,
2014-05-01,102.5,2.5,0.1,102.3,102.5,2.5,0.1,102.3,102.3,2.3,0.2,102.0,-1.45,-1.95,-4.87,-2.04,-1.62,0.17,0.41,0.82,0.17,-0.6,-0.06,-0.08,-1.01,-0.07,0.01,0.01,0.04,0.05,0.02,-0.07,-1.88,-2.42,-5.4,-2.93,-1.91,-0.15,-0.03,0.77,-0.17,-0.92,58051.11,6.7,-0.96,327839.56,5.7,1.03,1182293.96,13.4,1.15,14013.0,85580.0,
2014-04-01,101.8,1.8,-0.3,102.2,101.9,1.9,-0.3,102.2,101.6,1.6,-0.4,101.9,-2.0,-2.61,-6.06,-3.06,-2.07,-0.06,0.08,0.73,-0.05,-0.78,-0.25,-0.33,-1.0,-0.5,-0.19,0.02,-0.03,0.01,0.07,0.07,-1.99,-2.54,-5.53,-3.14,-1.98,-0.24,-0.13,0.76,-0.25,-1.0,58615.54,5.4,0.49,324482.52,5.5,-0.98,1168812.67,13.2,0.7,15259.0,71567.0,
2014-03-01,102.4,2.4,-0.5,102.3,102.5,2.5,-0.5,102.4,102.1,2.1,-0.6,102.0,-2.3,-2.95,-6.66,-3.81,-2.21,-0.21,-0.22,0.83,-0.11,-0.94,-0.32,-0.42,-0.99,-0.47,-0.34,0.0,-0.11,-0.01,0.15,0.04,-1.99,-2.51,-5.35,-3.17,-1.95,-0.29,-0.21,0.77,-0.32,-1.08,58329.3,5.2,-6.4,327683.74,5.4,3.49,1160687.38,12.1,2.56,20934.0,56308.0,
2014-02-01,102.0,2.0,0.5,102.2,102.1,2.1,0.6,102.3,101.7,1.7,0.5,101.9,-2.02,-2.54,-5.33,-3.22,-1.97,-0.33,-0.3,0.77,-0.33,-1.06,-0.2,-0.3,-0.88,-0.48,-0.17,0.0,-0.09,0.07,0.11,-0.04,-1.8,-2.3,-4.69,-2.85,-1.82,-0.34,-0.2,0.74,-0.42,-1.15,62320.95,3.3,-18.52,316625.11,6.9,0.55,1131760.83,13.3,0.73,9370.0,35374.0,
2014-01-01,102.5,2.5,1.0,102.5,102.6,2.6,1.0,102.6,102.2,2.2,0.9,102.2,-1.64,-2.05,-4.05,-2.48,-1.66,-0.35,-0.09,0.72,-0.51,-1.24,-0.05,-0.05,0.43,-0.04,-0.1,-0.06,-0.08,-0.05,0.01,-0.1,-1.64,-2.05,-4.05,-2.48,-1.66,-0.35,-0.09,0.72,-0.51,-1.24,76488.6,22.5,30.58,314900.55,1.2,-6.64,1123521.21,13.2,1.54,26004.0,26004.0,
2013-12-01,102.5,2.5,0.3,102.6,102.5,2.5,0.3,102.6,102.5,2.5,0.3,102.8,-1.36,-1.78,-4.05,-2.04,-1.45,0.01,0.58,1.08,-0.39,-1.14,0.01,0.01,0.0,0.22,-0.08,0.0,0.08,0.03,-0.02,-0.11,-1.91,-2.57,-5.71,-3.08,-2.03,0.19,0.71,1.22,-0.15,-0.9,58574.44,7.1,3.78,337291.05,9.3,3.84,1106524.98,13.6,2.53,12322.0,172904.0,107.46
2013-11-01,103.0,3.0,-0.1,102.6,103.0,3.0,-0.1,102.6,103.1,3.1,0.0,102.8,-1.42,-1.91,-4.18,-2.45,-1.44,0.11,0.76,1.19,-0.41,-1.04,-0.03,-0.08,-0.3,-0.19,-0.02,0.12,0.23,0.13,0.05,0.03,-1.96,-2.64,-5.86,-3.17,-2.09,0.21,0.73,1.23,-0.13,-0.88,56441.27,7.7,1.52,324821.92,9.4,1.66,1079257.05,14.2,0.84,12269.0,160582.0,
2013-10-01,103.2,3.2,0.1,102.6,103.2,3.2,0.1,102.5,103.3,3.3,0.0,102.8,-1.51,-1.97,-4.09,-2.57,-1.5,-0.03,0.53,1.21,-0.64,-1.05,0.0,-0.03,0.65,-0.07,-0.08,0.09,0.13,0.31,-0.01,-0.02,-2.01,-2.71,-6.02,-3.24,-2.15,0.22,0.72,1.23,-0.1,-0.87,55595.72,8.0,-1.59,319509.38,8.9,2.3,1070242.17,14.3,-0.66,8640.0,148313.0,
2013-09-01,103.1,3.1,0.8,102.5,103.0,3.0,0.8,102.5,103.3,3.3,0.8,102.7,-1.34,-1.75,-4.0,-2.04,-1.4,-0.06,0.4,1.03,-0.58,-0.93,0.23,0.26,0.63,0.62,0.06,0.13,0.3,0.17,0.01,-0.03,-2.07,-2.8,-6.23,-3.31,-2.22,0.25,0.74,1.24,-0.04,-0.85,56492.53,5.7,2.85,312330.34,8.9,-0.56,1077379.16,14.2,1.52,14113.0,139673.0,
2013-08-01,102.6,2.6,0.5,102.5,102.5,2.5,0.4,102.4,102.9,2.9,0.6,102.6,-1.63,-2.14,-4.18,-2.36,-1.85,0.0,0.48,1.08,-0.41,-0.98,0.14,0.17,0.39,0.32,0.09,0.04,0.17,0.06,0.0,-0.16,-2.16,-2.92,-6.49,-3.47,-2.32,0.28,0.79,1.26,0.02,-0.84,54925.35,9.3,0.94,314085.91,9.9,1.12,1061256.43,14.7,0.86,15840.0,125560.0,
2013-07-01,102.7,2.7,0.1,102.4,102.6,2.6,0.1,102.4,102.9,2.9,0.0,102.6,-2.27,-2.98,-5.99,-3.23,-2.58,-0.02,0.41,1.04,-0.51,-0.86,-0.33,-0.43,-1.0,-0.57,-0.32,-0.03,0.0,0.04,-0.08,-0.06,-2.23,-3.03,-6.8,-3.62,-2.39,0.32,0.83,1.29,0.09,-0.81,54412.78,9.5,0.65,310596.46,9.7,-0.93,1052212.34,14.5,-0.21,8191.0,109720.0,
2013-06-01,102.7,2.7,0.0,102.4,102.6,2.6,0.0,102.4,102.8,2.8,0.1,102.5,-2.7,-3.53,-8.55,-4.18,-2.75,-0.03,0.38,1.03,-0.52,-0.81,-0.55,-0.68,-1.85,-0.83,-0.51,-0.15,-0.23,0.01,-0.15,-0.14,-2.23,-3.04,-6.93,-3.68,-2.36,0.38,0.9,1.33,0.18,-0.81,54063.91,9.9,-0.68,313499.82,9.1,1.06,1054403.69,14.0,1.17,10375.0,101529.0,
2013-05-01,102.1,2.1,-0.6,102.4,102.1,2.1,-0.6,102.3,102.2,2.2,-0.5,102.5,-2.87,-3.79,-8.99,-5.13,-2.65,0.09,0.44,1.23,-0.27,-0.81,-0.62,-0.75,-2.26,-1.11,-0.44,-0.22,-0.28,-0.04,-0.2,-0.25,-2.13,-2.95,-6.61,-3.59,-2.28,0.46,1.01,1.39,0.33,-0.81,54431.39,10.8,-2.11,310204.48,11.3,0.83,1042169.16,15.8,0.93,11871.0,91154.0,
2013-04-01,102.4,2.4,0.2,102.4,102.4,2.4,0.3,102.4,102.4,2.4,0.1,102.5,-2.62,-3.52,-8.23,-4.79,-2.46,0.29,0.57,1.31,0.09,-0.6,-0.55,-0.68,-1.63,-1.27,-0.33,-0.13,-0.34,0.11,0.01,-0.09,-1.95,-2.74,-6.02,-3.2,-2.19,0.56,1.15,1.43,0.48,-0.8,55607.15,10.8,0.26,307648.42,11.9,-1.05,1032551.9,16.1,-0.32,17629.0,79283.0,
2013-03-01,102.1,2.1,-0.9,102.4,102.0,2.0,-0.9,102.4,102.2,2.2,-1.0,102.6,-1.92,-2.68,-5.61,-3.2,-2.15,0.51,1.18,1.38,0.27,-0.79,-0.03,0.0,0.42,0.13,-0.11,-0.12,-0.19,-0.07,-0.07,-0.08,-1.73,-2.47,-5.27,-2.67,-2.1,0.65,1.34,1.48,0.61,-0.87,55460.52,12.4,-8.05,310898.29,11.9,5.0,1035858.37,15.7,3.73,25503.0,61654.0,
2013-02-01,103.2,3.2,1.1,102.6,103.2,3.2,1.1,102.6,103.3,3.3,1.0,102.7,-1.63,-2.37,-5.22,-2.59,-1.98,0.74,1.56,1.5,0.63,-0.84,0.15,0.21,0.46,0.28,0.15,-0.02,0.13,0.02,-0.07,-0.22,-1.63,-2.37,-5.1,-2.4,-2.08,0.71,1.42,1.52,0.78,-0.91,60313.65,17.2,-3.42,296103.24,9.5,-4.86,998600.83,15.2,0.65,10705.0,36151.0,
2013-01-01,102.0,2.0,1.0,102.0,102.0,2.0,1.0,102.0,102.2,2.2,1.2,102.2,-1.64,-2.37,-4.97,-2.2,-2.18,0.68,1.28,1.54,0.93,-0.98,0.24,0.22,0.43,0.4,0.12,0.29,0.59,0.31,0.13,0.0,-1.64,-2.37,-4.97,-2.2,-2.18,0.68,1.28,1.54,0.93,-0.98,62449.63,4.4,14.25,311228.55,15.3,0.83,992129.25,15.9,1.85,25446.0,25446.0,
2012-12-01,102.5,2.5,0.8,102.6,102.5,2.5,0.8,102.8,102.5,2.5,0.9,102.6,-1.94,-2.71,-6.1,-2.44,-2.49,0.53,0.88,1.32,0.8,-0.77,-0.06,-0.11,-0.14,-0.19,-0.07,0.1,0.25,0.14,-0.04,-0.02,-1.72,-2.49,-2.42,-1.98,-2.74,0.82,1.4,2.05,0.86,-0.92,54659.77,7.7,4.33,308664.23,6.5,3.97,974148.8,13.8,3.1,16281.87,157630.81,91.42
2012-11-01,102.0,2.0,0.1,102.7,102.1,2.1,0.1,102.7,101.9,1.9,0.2,102.5,-2.2,-2.99,-5.34,-2.74,-2.87,0.34,0.5,1.51,0.62,-0.92,-0.12,-0.15,-0.21,-0.31,-0.07,-0.01,0.01,0.14,-0.18,0.02,-1.7,-2.47,-2.09,-1.94,-2.76,0.84,1.45,2.12,0.87,-0.94,52392.12,10.7,1.8,296883.0,5.5,1.22,944832.4,13.9,0.9,11224.52,141348.94,
2012-10-01,101.7,1.7,-0.1,102.7,101.8,1.8,-0.1,102.8,101.5,1.5,-0.1,102.6,-2.76,-3.68,-6.44,-3.44,-3.5,0.23,0.3,1.55,0.53,-1.01,0.16,0.2,0.74,0.48,0.02,0.06,0.0,0.13,0.05,0.1,-1.65,-2.42,-1.76,-1.86,-2.75,0.89,1.55,2.18,0.89,-0.94,51467.71,10.5,-3.68,293309.78,6.1,2.27,936404.28,14.1,-0.77,12905.7,130124.42,
2012-09-01,101.9,1.9,0.3,102.8,102.0,2.0,0.3,102.9,101.7,1.7,0.4,102.7,-3.55,-4.68,-7.84,-4.95,-4.24,0.14,0.27,1.61,0.28,-1.12,-0.06,-0.14,0.45,0.3,-0.39,0.2,0.38,0.22,0.18,-0.09,-1.53,-2.28,-1.23,-1.69,-2.66,0.97,1.69,2.25,0.93,-0.93,53433.49,13.3,6.37,286788.21,7.3,0.37,943688.75,14.8,2.03,16462.23,117218.72,
2012-08-01,102.0,2.0,0.6,102.9,102.1,2.1,0.6,103.0,101.8,1.8,0.6,102.8,-3.48,-4.59,-8.3,-5.23,-3.94,0.2,0.46,1.68,0.27,-1.22,-0.52,-0.69,-1.51,-0.58,-0.66,0.01,0.1,0.03,-0.09,-0.04,-1.27,-1.97,-0.39,-1.28,-2.47,1.07,1.87,2.34,1.02,-0.91,50235.06,9.7,1.06,285739.27,4.5,0.94,924894.59,13.5,0.63,12475.33,100756.49,
2012-07-01,101.8,1.8,0.1,103.1,101.9,1.9,0.1,103.1,101.5,1.5,0.0,103.0,-2.87,-3.87,-6.15,-4.5,-3.36,0.44,0.79,1.94,0.62,-1.21,-0.77,-1.0,-3.69,-1.54,-0.49,-0.03,-0.04,0.03,-0.1,-0.01,-0.95,-1.6,0.78,-0.7,-2.25,1.2,2.08,2.43,1.12,-0.86,49705.85,10.0,0.85,283090.68,4.6,-1.54,919072.4,13.9,-0.64,10521.58,88281.16,
2012-06-01,102.2,2.2,-0.6,103.3,102.2,2.2,-0.6,103.3,102.0,2.0,-0.5,103.3,-2.08,-2.93,-2.88,-2.99,-2.91,0.73,1.29,2.11,0.91,-1.21,-0.73,-0.94,-2.33,-1.8,-0.41,-0.04,-0.17,0.2,0.11,-0.14,-0.63,-1.22,1.97,-0.06,-2.07,1.33,2.29,2.51,1.21,-0.81,49284.64,10.8,0.5,287526.17,4.7,3.18,924991.2,13.6,2.77,17801.89,77759.59,
2012-05-01,103.0,3.0,-0.3,103.5,103.0,3.0,-0.3,103.5,102.9,2.9,-0.3,103.5,-1.4,-2.09,-1.46,-1.12,-2.58,0.91,1.8,2.08,0.95,-1.24,-0.37,-0.48,-1.44,-0.76,-0.25,-0.02,-0.14,0.03,0.16,-0.04,-0.34,-0.87,2.97,0.54,-1.9,1.45,2.49,2.6,1.27,-0.72,49039.72,10.0,-2.31,278656.31,3.5,1.34,900048.77,13.2,1.17,11431.51,59957.69,
2012-04-01,103.4,3.4,-0.1,103.7,103.4,3.4,0.0,103.7,103.3,3.3,-0.2,103.7,-0.7,-1.24,2.19,0.12,-2.21,1.14,2.18,2.14,1.11,-1.08,0.16,0.18,1.17,0.38,-0.01,0.1,0.26,0.18,0.19,-0.29,-0.07,-0.56,4.14,0.96,-1.73,1.59,2.67,2.73,1.35,-0.59,50199.32,10.4,1.22,274983.82,3.1,-1.08,889604.04,12.8,-0.67,9637.32,48526.18,
2012-03-01,103.6,3.6,0.2,103.8,103.6,3.6,0.2,103.8,103.6,3.6,0.1,103.8,-0.32,-0.83,3.69,0.82,-2.03,1.4,2.39,2.59,1.22,-0.72,0.27,0.32,0.84,0.76,0.07,0.11,0.18,0.06,0.29,-0.13,0.15,-0.33,4.82,1.25,-1.57,1.74,2.84,2.92,1.43,-0.43,49595.74,10.6,-3.6,277998.11,4.4,2.84,895565.5,13.4,3.27,18703.86,38888.86,
2012-02-01,103.2,3.2,-0.1,103.9,103.2,3.2,-0.1,103.8,103.2,3.2,-0.1,103.9,0.03,-0.47,4.7,1.2,-1.75,1.69,2.63,3.06,1.45,-0.4,0.14,0.21,0.72,0.68,-0.05,-0.08,-0.15,0.06,0.23,-0.36,0.38,-0.08,5.4,1.46,-1.34,1.9,3.06,3.09,1.53,-0.29,51448.78,8.8,-14.0,270312.11,4.3,0.11,867171.42,13.0,1.32,10431.0,20185.0,
2012-01-01,104.5,4.5,1.5,104.5,104.5,4.5,1.5,104.5,104.6,4.6,1.5,104.6,0.73,0.32,6.12,1.73,-0.92,2.11,3.49,3.12,1.61,-0.17,-0.1,-0.1,-0.8,0.2,-0.2,0.1,0.2,0.1,0.0,0.2,0.73,0.32,6.12,1.73,-0.92,2.11,3.49,3.12,1.61,-0.17,59820.72,3.0,17.88,270010.4,3.1,-6.84,855898.89,12.4,0.51,9754.0,9754.0,
2011-12-01,104.1,4.1,0.3,105.4,104.1,4.1,0.3,105.3,104.1,4.1,0.3,105.8,1.69,1.43,9.42,2.87,-0.03,2.52,4.29,3.6,2.1,-0.46,-0.3,-0.4,0.7,-0.5,-0.5,-0.1,-0.1,0.3,-0.2,-0.2,6.03,6.6,15.39,9.21,4.58,4.17,7.41,4.22,4.02,-0.56,50748.46,13.8,7.25,289847.7,7.9,3.0,851590.9,13.6,3.16,12744.0,128286.0,76.75
2011-11-01,104.2,4.2,-0.2,105.5,104.2,4.2,-0.2,105.4,104.3,4.3,-0.2,106.0,2.72,2.61,10.6,4.12,1.12,3.09,5.23,3.82,2.83,-0.41,-0.7,-0.9,-1.4,-1.0,-0.7,-0.1,-0.2,0.2,-0.3,-0.1,6.44,7.09,15.97,9.81,5.01,4.33,7.7,4.28,4.2,-0.57,47317.26,12.0,1.58,281416.37,7.8,1.76,825493.94,12.7,1.06,9581.0,115542.0,
2011-10-01,105.5,5.5,0.1,105.6,105.4,5.4,0.1,105.5,105.9,5.9,0.0,106.2,5.0,5.24,15.12,7.86,3.1,4.22,7.36,4.48,3.86,-0.34,-0.7,-0.8,-0.8,-1.1,-0.7,0.0,0.0,0.2,-0.2,0.0,6.82,7.55,16.54,10.41,5.41,4.45,7.96,4.32,4.34,-0.59,46579.39,11.9,-1.2,276552.67,8.4,3.5,816829.25,12.9,3.74,7908.0,105961.0,
2011-09-01,106.1,6.1,0.5,105.7,105.9,5.9,0.4,105.5,106.6,6.6,0.6,106.2,6.52,7.11,17.16,10.65,4.56,4.62,8.25,4.54,4.43,-0.6,0.0,-0.1,-0.1,0.0,-0.1,0.3,0.6,0.3,0.2,-0.2,7.02,7.81,16.7,10.7,5.67,4.48,8.03,4.31,4.4,-0.62,47145.29,12.68,2.99,267193.16,8.85,-2.27,787406.2,13.04,0.84,4279.0,98053.0,
2011-08-01,106.2,6.2,0.3,105.6,105.9,5.9,0.3,105.4,106.7,6.7,0.3,106.1,7.25,8.01,18.75,11.59,5.39,4.79,8.32,4.64,4.67,-0.32,0.1,0.07,0.8,0.18,-0.06,0.26,0.43,0.28,0.25,-0.02,7.09,7.9,16.64,10.71,5.81,4.46,8.0,4.28,4.39,-0.62,45775.29,14.7,1.31,273393.77,11.2,1.05,780852.3,13.5,1.03,10741.0,93774.0,
2011-07-01,106.5,6.5,0.5,105.5,106.2,6.2,0.5,105.4,107.1,7.1,0.5,106.1,7.54,8.4,18.09,12.07,5.85,4.75,8.59,4.45,4.46,-0.49,0.0,-0.04,-0.33,0.02,-0.03,0.25,0.46,0.2,0.19,-0.01,7.06,7.88,16.33,10.58,5.87,4.41,7.96,4.23,4.35,-0.66,45183.1,14.3,1.59,270545.65,11.6,-1.5,772923.65,14.7,-1.01,5393.0,83033.0,
2011-06-01,106.4,6.4,0.3,105.4,106.2,6.2,0.2,105.2,107.0,7.0,0.4,105.9,7.12,7.88,16.74,11.13,5.57,4.65,8.46,4.44,4.23,-0.48,0.0,-0.08,-0.9,0.09,-0.07,0.14,0.33,0.18,0.15,-0.18,6.98,7.8,16.04,10.34,5.87,4.36,7.85,4.19,4.33,-0.69,44477.8,14.4,-0.28,274662.57,13.1,2.0,780820.85,15.9,2.28,10873.0,77640.0,
2011-05-01,105.5,5.5,0.1,105.2,105.3,5.3,0.1,105.1,106.0,6.0,0.1,105.7,6.79,7.45,17.1,9.89,5.41,4.6,8.3,4.39,4.36,-0.53,0.3,0.38,2.21,0.48,0.14,0.21,0.23,0.09,0.32,0.13,6.96,7.78,15.9,10.18,5.94,4.3,7.73,4.14,4.35,-0.73,44602.83,15.4,-1.95,269289.63,12.7,0.95,763409.22,15.1,0.8,10854.0,66767.0,
2011-04-01,105.3,5.3,0.1,105.1,105.2,5.2,0.2,105.0,105.8,5.8,0.1,105.6,6.82,7.49,17.43,9.9,5.46,4.64,8.4,4.5,4.41,-0.64,0.5,0.6,2.65,1.09,0.17,0.36,0.47,0.62,0.3,0.07,7.0,7.86,15.58,10.25,6.07,4.22,7.58,4.07,4.35,-0.78,45489.03,14.7,1.44,266766.91,12.9,0.19,757384.56,15.3,-0.1,13673.0,55913.0,
2011-03-01,105.4,5.4,-0.2,105.0,105.2,5.2,-0.2,104.9,105.9,5.9,-0.3,105.5,7.31,8.22,16.83,10.5,6.39,4.36,7.97,4.13,4.48,-0.93,0.6,0.68,1.83,1.14,0.35,0.4,0.41,0.52,0.52,0.19,7.06,7.99,14.95,10.37,6.28,4.08,7.31,3.93,4.33,-0.83,44845.22,14.8,-5.13,266255.48,15.0,2.72,758130.88,16.6,2.99,18212.0,42240.0,
2011-02-01,104.9,4.9,1.2,104.9,104.8,4.8,1.2,104.7,105.5,5.5,1.3,105.3,7.23,8.21,14.26,10.56,6.59,4.09,7.32,3.89,4.33,-0.8,0.8,1.0,2.09,1.21,0.8,0.33,0.69,0.12,0.38,-0.13,6.94,7.87,14.01,10.3,6.22,3.94,6.98,3.83,4.26,-0.78,47270.24,10.3,-18.59,259200.5,14.5,-0.98,736130.86,15.7,0.31,6468.0,24028.0,
2011-01-01,104.9,4.9,1.0,104.9,104.8,4.8,1.0,104.8,105.2,5.2,1.1,105.2,6.64,7.5,13.75,10.0,5.8,3.8,6.6,3.8,4.2,-0.8,0.9,0.97,2.32,1.29,0.69,0.54,0.97,0.54,0.49,-0.08,6.64,7.53,13.75,10.04,5.85,3.8,6.64,3.76,4.19,-0.76,58063.94,42.5,30.11,261765.01,13.6,-1.82,733884.83,17.2,1.11,17560.0,17560.0,
2010-12-01,104.6,4.6,0.5,103.3,104.4,4.4,0.5,103.2,105.1,5.1,0.6,103.6,5.93,6.67,12.58,8.86,4.91,3.53,5.87,3.34,3.86,-0.27,0.7,,,,,,,,,,5.54,6.64,22.19,10.06,3.08,1.99,3.77,2.0,1.87,-0.61,44628.17,16.7,5.62,266621.54,21.2,2.78,725851.79,19.7,2.18,10780.0,140191.0,64.99
2010-11-01,105.1,5.1,1.1,103.2,104.9,4.9,1.0,103.1,105.6,5.6,1.3,103.5,6.06,6.94,14.6,9.79,4.66,3.25,6.17,2.71,3.06,-0.67,1.4,,,,,,,,,,5.51,6.64,23.06,10.17,2.91,1.85,3.57,1.87,1.68,-0.64,42252.16,16.3,1.46,259420.32,22.1,2.41,710339.03,19.5,1.51,10554.0,129411.0,
2010-10-01,104.4,4.4,0.7,103.0,104.2,4.2,0.7,102.9,104.7,4.7,0.6,103.3,5.04,5.8,11.75,8.49,3.79,2.58,5.29,1.8,2.22,-0.66,0.7,,,,,,,,,,5.45,6.61,23.91,10.2,2.74,1.72,3.32,1.79,1.55,-0.63,41646.21,16.6,-0.5,253313.17,22.1,3.89,699776.74,19.3,0.47,8608.0,118857.0,
2010-09-01,103.6,3.6,0.6,102.9,103.5,3.5,0.5,102.8,103.9,3.9,0.7,103.1,4.33,4.9,10.35,7.05,3.21,2.46,4.72,1.8,2.1,-0.17,0.6,,,,,,,,,,5.5,6.7,25.26,10.39,2.62,1.62,3.1,1.79,1.47,-0.63,41854.41,13.8,4.84,243821.9,20.9,-0.21,696471.5,19.0,1.3,11224.0,110249.0,
2010-08-01,103.5,3.5,0.6,102.8,103.4,3.4,0.6,102.7,103.7,3.7,0.8,103.0,4.32,4.99,14.8,7.8,2.45,2.17,4.0,1.72,2.2,-0.36,0.4,,,,,,,,,,5.64,6.92,27.11,10.81,2.55,1.51,2.89,1.79,1.39,-0.69,39922.76,16.0,0.96,244340.64,21.9,1.53,687506.92,19.2,2.0,10646.0,99025.0,
2010-07-01,103.3,3.3,0.4,102.7,103.2,3.2,0.4,102.6,103.5,3.5,0.3,102.9,4.84,5.69,15.2,8.67,3.1,2.09,3.57,1.97,2.19,-0.2,-0.4,,,,,,,,,,5.83,7.2,28.87,11.24,2.56,1.42,2.73,1.8,1.28,-0.73,39543.16,15.5,1.64,240664.07,22.9,0.03,674051.48,17.6,0.02,7202.0,88379.0,
2010-06-01,102.9,2.9,-0.6,102.6,102.8,2.8,-0.6,102.5,103.2,3.2,-0.5,102.8,6.41,7.79,25.5,11.8,3.67,1.96,3.3,1.94,2.14,-0.3,-0.3,,,,,,,,,,6.0,7.45,31.15,11.67,2.47,1.31,2.6,1.77,1.13,-0.82,38904.85,15.7,0.65,240580.0,24.6,1.73,673921.72,18.5,1.59,10196.0,81177.0,
2010-05-01,103.1,3.1,-0.1,102.5,102.9,2.9,-0.1,102.4,103.3,3.3,0.0,102.7,7.13,8.79,31.1,13.8,3.61,1.8,3.22,1.94,1.66,-0.34,0.6,,,,,,,,,,5.9,7.4,32.3,11.6,2.2,1.2,2.5,1.7,0.9,-0.9,38652.97,15.2,-2.53,236497.88,29.9,1.11,663351.37,21.0,1.03,10805.0,70981.0,
2010-04-01,102.8,2.8,0.2,102.4,102.7,2.7,0.2,102.2,103.0,3.0,0.2,102.6,6.81,8.5,30.9,13.56,3.29,1.4,2.56,1.64,1.42,-0.58,1.0,,,,,,,,,,5.61,7.03,32.55,11.11,1.89,1.02,2.26,1.68,0.74,-1.07,39657.54,15.76,1.48,233909.76,31.25,1.97,656561.22,21.48,1.02,14919.0,60176.0,
2010-03-01,102.4,2.4,-0.7,102.2,102.3,2.3,-0.7,102.1,102.6,2.6,-0.6,102.4,5.91,7.38,30.3,12.15,2.26,1.17,2.3,1.47,0.92,-0.55,0.5,,,,,,,,,,5.21,6.54,33.1,10.29,1.42,0.9,2.16,1.69,0.51,-1.24,39080.58,15.81,-8.83,229397.93,29.94,2.28,649947.46,22.5,2.18,13830.0,45257.0,
2010-02-01,102.7,2.7,1.2,102.1,102.6,2.6,1.2,102.0,102.9,2.9,1.1,102.4,5.39,6.76,37.6,10.12,1.26,0.97,1.96,2.61,0.62,-1.38,0.4,,,,,,,,,,4.86,6.13,34.53,9.36,1.01,0.76,2.1,1.81,0.31,-1.58,42865.79,21.98,5.17,224286.95,34.99,-2.31,636072.26,25.52,1.67,10877.0,31427.0,
2010-01-01,101.5,1.5,0.6,101.5,101.4,1.4,0.6,101.4,101.8,1.8,0.6,101.8,4.32,5.49,31.4,8.59,0.75,0.55,2.23,1.0,0.0,-1.79,0.5,,,,,,,,,,4.32,5.49,31.43,8.59,0.75,0.55,2.23,1.0,0.0,-1.79,40758.58,-0.79,6.57,229588.98,38.96,3.68,625609.29,25.98,2.52,20550.0,20550.0,
2009-12-01,101.9,1.9,1.0,99.3,101.8,1.8,1.0,99.1,102.1,2.1,1.1,99.7,1.7,1.98,17.6,3.58,-0.74,0.8,2.56,1.74,-0.45,-1.38,1.0,,,,,,,,,,-5.39,-6.71,-15.84,-8.15,-4.87,-1.2,-1.38,0.12,-0.81,-2.26,38246.97,11.77,5.24,221445.81,32.35,4.21,610224.52,27.68,2.63,8100.0,139105.0,51.18
2009-11-01,100.6,0.6,0.3,99.1,100.4,0.4,0.3,98.9,100.9,0.9,0.4,99.5,-2.08,-2.67,-4.1,-1.72,-2.93,-0.22,0.63,1.11,-1.12,-1.6,0.6,,,,,,,,,,-6.04,-7.5,-18.88,-9.21,-5.24,-1.38,-1.74,-0.02,-0.84,-2.34,36343.86,14.99,1.72,212493.2,34.63,2.38,594604.72,29.74,1.36,9501.0,131005.0,
2009-10-01,99.5,-0.5,-0.1,98.9,99.3,-0.7,-0.1,98.8,99.9,-0.1,-0.1,99.3,-5.85,-7.23,-16.3,-8.26,-5.59,-1.44,-1.25,-0.82,-1.49,-2.14,0.1,,,,,,,,,,-6.43,-7.98,-20.36,-9.96,-5.47,-1.49,-1.98,-0.14,-0.81,-2.42,35730.23,14.09,-2.88,207545.74,32.03,2.89,586643.29,29.42,0.21,5985.0,121504.0,
2009-09-01,99.2,-0.8,0.4,98.9,99.1,-0.9,0.4,98.7,99.4,-0.6,0.6,99.3,-6.99,-8.62,-20.3,-10.15,-6.41,-1.8,-2.05,-0.34,-1.9,-2.36,0.6,,,,,,,,,,-6.5,-8.06,-20.8,-10.15,-5.46,-1.5,-2.06,-0.06,-0.74,-2.45,36787.89,15.96,6.92,201708.14,29.51,0.66,585405.34,29.31,1.51,11871.0,115519.0,
2009-08-01,98.8,-1.2,0.5,98.8,98.7,-1.3,0.4,98.7,99.0,-1.0,0.6,99.2,-7.86,-9.75,-25.9,-11.47,-6.89,-1.86,-2.3,-0.38,-1.79,-2.32,0.8,,,,,,,,,,-6.44,-7.99,-20.86,-10.15,-5.34,-1.46,-2.06,-0.03,-0.59,-2.46,34406.62,11.52,0.49,200394.83,27.72,2.3,576698.95,28.53,0.63,7650.0,103648.0,
2009-07-01,98.2,-1.8,0.0,98.8,98.1,-1.9,0.0,98.6,98.4,-1.6,0.1,99.3,-8.22,-10.07,-23.8,-12.12,-7.37,-2.33,-3.09,-0.6,-1.91,-2.83,,,,,,,,,,,-6.24,-7.74,-20.14,-9.96,-5.12,-1.4,-2.03,0.02,-0.42,-2.48,34239.3,11.59,1.78,195889.27,26.37,1.42,573102.85,28.42,0.74,7388.0,95998.0,
2009-06-01,98.3,-1.7,-0.5,98.9,98.2,-1.8,-0.5,98.7,98.6,-1.4,-0.4,99.4,-7.8,-9.6,-23.5,-11.0,-7.17,-2.15,-3.05,-0.24,-1.42,-2.89,,,,,,,,,,,-5.9,-7.35,-19.54,-9.6,-4.75,-1.25,-1.85,0.13,-0.17,-2.42,33640.98,11.46,0.24,193138.15,24.79,6.1,568916.2,28.46,3.77,21067.0,88610.0,
2009-05-01,98.6,-1.4,-0.3,99.1,98.5,-1.5,-0.3,98.8,99.0,-1.0,-0.3,99.6,-7.2,-8.84,-21.8,-10.87,-6.24,-1.93,-2.79,-0.22,-0.79,-3.02,,,,,,,,,,,-5.52,-6.91,-18.75,-9.32,-4.26,-1.07,-1.61,0.2,0.07,-2.33,33559.52,11.24,-2.04,182025.58,18.69,2.14,548263.51,25.74,1.44,14959.0,67543.0,
2009-04-01,98.5,-1.5,-0.2,99.2,98.3,-1.7,-0.2,98.9,99.0,-1.0,-0.2,99.7,-6.6,-8.11,-21.5,-10.27,-5.4,-1.72,-2.69,-0.15,-0.41,-2.72,,,,,,,,,,,-5.1,-6.42,-17.98,-8.93,-3.77,-0.85,-1.32,0.31,0.29,-2.16,34257.27,11.26,1.51,178213.57,17.48,0.95,540481.21,25.95,1.86,5452.0,52584.0,
2009-03-01,98.8,-1.2,-0.3,99.4,98.6,-1.4,-0.3,99.2,99.3,-0.7,-0.4,100.0,-5.99,-7.43,-19.9,-10.22,-4.53,-1.37,-2.14,-0.1,-0.02,-2.52,,,,,,,,,,,-4.6,-5.86,-16.82,-8.49,-3.23,-0.57,-0.86,0.46,0.52,-1.97,33746.42,10.88,-3.97,176541.13,17.04,6.25,530626.71,25.51,4.72,22011.0,47132.0,
2009-02-01,98.4,-1.6,0.0,99.7,98.1,-1.9,0.0,99.4,99.2,-0.8,0.0,100.3,-4.47,-5.72,-17.4,-8.43,-2.97,-0.45,-0.69,0.55,0.64,-1.9,,,,,,,,,,,-3.9,-5.1,-15.3,-7.6,-2.6,-0.2,-0.2,0.7,0.8,-1.7,35141.64,8.28,-14.46,166149.6,10.87,0.57,506708.07,20.48,2.13,11131.0,25121.0,
2009-01-01,101.0,1.0,0.9,101.0,100.7,0.7,1.0,100.7,101.5,1.5,0.9,101.5,-3.35,-4.43,-13.2,-6.82,-2.18,0.12,0.24,0.93,0.95,-1.49,,,,,,,,,,,-3.35,-4.43,-13.18,-6.82,-2.18,0.12,0.24,0.93,0.95,-1.49,41082.37,12.02,20.06,165214.34,6.68,-0.6,496135.31,18.79,4.41,13990.0,13990.0,
2008-12-01,101.2,1.2,-0.2,105.9,100.9,0.9,-0.3,105.6,101.9,1.9,-0.1,106.5,-1.14,-1.87,-7.0,-3.88,-0.27,1.19,1.65,1.91,2.13,-1.0,,,,,,,,,,,6.87,7.74,23.22,8.93,5.21,4.08,8.33,2.22,3.58,-0.49,34218.96,12.65,8.26,166217.13,9.06,5.32,475166.6,17.82,3.6,8164.0,69804.0,37.98
2008-11-01,102.4,2.4,-0.8,106.3,102.2,2.2,-0.8,106.0,102.9,2.9,-0.7,106.9,1.99,1.95,6.6,0.44,2.07,2.12,3.26,2.32,2.86,-0.52,,,,,,,,,,,7.6,8.62,25.97,10.1,5.71,4.34,8.93,2.24,3.72,-0.45,31607.36,9.04,0.92,157826.63,6.8,0.4,458644.66,14.8,1.22,4517.0,61640.0,
2008-10-01,104.0,4.0,-0.3,106.7,103.7,3.7,-0.3,106.4,104.6,4.6,-0.5,107.3,6.59,7.67,22.7,8.98,5.14,3.13,5.43,2.56,3.55,-0.37,,,,,,,,,,,8.16,9.28,27.91,11.07,6.07,4.57,9.5,2.24,3.8,-0.44,31317.84,10.59,-1.28,157194.36,8.85,0.93,453133.32,15.02,0.05,1288.0,57123.0,
2008-09-01,104.6,4.6,0.0,107.0,104.4,4.4,0.0,106.7,105.3,5.3,0.1,107.7,9.13,10.83,30.1,13.04,7.34,3.65,6.84,2.07,4.02,-0.43,,,,,,,,,,,8.34,9.46,28.49,11.3,6.17,4.73,9.95,2.2,3.83,-0.45,31724.88,9.28,2.83,155748.97,9.43,-0.73,452898.71,15.29,0.9,5659.0,55835.0,
2008-08-01,104.9,4.9,-0.1,107.3,104.7,4.7,-0.2,107.0,105.4,5.4,0.0,108.0,10.06,11.95,35.1,14.41,7.85,3.97,7.38,2.39,4.31,-0.41,,,,,,,,,,,8.2,9.3,28.3,11.1,6.0,4.9,10.3,2.2,3.8,-0.4,30851.62,10.89,0.54,156889.92,11.48,1.22,448846.68,16.0,0.56,4575.0,50176.0,
2008-07-01,106.3,6.3,0.1,107.7,106.1,6.1,0.1,107.4,106.8,6.8,0.2,108.3,10.03,11.71,34.1,14.26,7.66,4.6,9.07,2.35,4.28,-0.22,,,,,,,,,,,8.0,8.9,27.3,10.6,5.8,5.0,10.8,2.2,3.7,-0.4,30687.19,12.3,1.68,154992.44,13.96,0.11,446362.17,16.35,0.73,4890.0,45601.0,
2008-06-01,107.1,7.1,-0.2,107.9,106.8,6.8,-0.2,107.6,107.8,7.8,0.0,108.6,8.84,10.1,29.26,11.17,7.16,4.78,9.65,2.41,4.11,-0.23,,,,,,,,,,,7.6,8.4,26.2,10.0,5.5,5.1,11.1,2.2,3.6,-0.5,30181.32,12.28,0.04,154820.15,14.19,0.96,443141.02,17.37,1.59,5976.0,40711.0,
2008-05-01,107.7,7.7,-0.4,108.1,107.3,7.3,-0.5,107.7,108.5,8.5,-0.3,108.8,8.22,9.19,25.96,10.9,6.26,5.11,10.95,2.4,3.89,-0.5,,,,,,,,,,,7.4,8.1,25.6,9.8,5.1,5.1,11.3,2.1,3.6,-0.5,30169.3,12.88,-2.01,153344.75,17.93,1.09,436221.6,18.07,1.61,5678.0,34735.0,
2008-04-01,108.5,8.5,0.1,108.2,108.1,8.1,0.1,107.8,109.3,9.3,0.1,108.8,8.12,8.96,27.2,10.37,5.98,5.41,11.91,2.32,3.74,-0.49,,,,,,,,,,,7.2,7.8,25.5,9.5,4.8,5.1,11.4,2.1,3.5,-0.6,30789.61,10.7,1.17,151694.91,19.05,0.55,429313.72,16.94,1.48,7076.0,29057.0,
2008-03-01,108.3,8.3,-0.7,108.0,108.0,8.0,-0.8,107.8,109.0,9.0,-0.5,108.7,7.95,8.72,29.0,10.18,5.45,5.48,12.34,1.96,3.77,-0.6,,,,,,,,,,,6.9,7.5,24.9,9.2,4.4,5.0,11.3,2.0,3.4,-0.6,30433.07,11.12,-6.23,150867.47,17.97,0.46,423054.53,16.19,0.48,6391.0,21981.0,
2008-02-01,108.7,8.7,2.6,107.9,108.5,8.5,2.7,107.6,109.2,9.2,2.4,108.5,6.62,7.16,25.3,8.81,4.06,4.9,11.03,1.76,3.4,-0.57,,,,,,,,,,,6.4,6.9,22.9,8.7,3.9,4.8,10.7,2.0,3.2,-0.6,32454.47,5.96,-11.5,150177.88,18.95,-3.03,421037.84,17.39,0.76,4731.0,15590.0,
2008-01-01,107.1,7.1,1.2,107.1,106.8,6.8,1.2,106.8,107.7,7.7,1.2,107.7,6.07,6.53,20.5,8.52,3.81,4.63,10.39,2.15,2.95,-0.57,,,,,,,,,,,6.07,6.53,20.46,8.52,3.81,4.63,10.39,2.15,2.95,-0.57,36673.15,31.21,20.9,154872.59,20.54,1.54,417846.17,18.88,3.58,10859.0,10859.0,
2007-12-01,106.51,6.51,1.0,104.77,106.21,6.21,1.0,104.48,107.16,7.16,1.0,105.37,5.43,6.01,22.1,7.69,2.89,3.71,8.76,1.33,2.36,-0.65,,,,,,,,,,,3.1,3.2,3.8,5.6,2.0,2.8,7.0,1.2,1.5,-1.0,30334.32,12.2,4.64,152519.17,21.0,3.05,403401.3,16.7,0.91,4281.0,59664.0,32.13
2007-11-01,106.94,6.94,0.7,104.61,106.62,6.62,0.7,104.33,107.62,7.62,0.9,105.2,4.55,4.83,15.1,6.8,2.38,3.72,9.1,0.95,2.31,-0.79,,,,,,,,,,,2.9,3.0,2.2,5.4,1.9,2.7,6.9,1.1,1.5,-1.0,28987.92,13.56,2.37,148009.82,21.67,2.32,399757.91,18.45,1.41,3073.0,55383.0,
2007-10-01,106.5,6.5,0.3,104.4,106.14,6.14,0.4,104.1,107.24,7.24,0.1,105.0,3.21,3.11,5.37,4.78,1.93,3.5,8.55,1.29,1.91,-0.71,,,,,,,,,,,2.8,2.8,0.9,5.3,1.8,2.6,6.7,1.2,1.4,-1.1,28317.78,13.43,-2.46,144649.33,22.21,1.44,394204.17,18.47,0.28,3688.0,52310.0,
2007-09-01,106.24,6.24,0.3,104.14,105.83,5.83,0.3,103.87,107.1,7.1,0.2,104.7,2.71,2.5,1.2,4.18,1.84,3.32,8.21,0.95,1.91,-0.74,,,,,,,,,,,2.7,2.8,0.4,5.3,1.8,2.5,6.5,1.1,1.3,-1.1,29030.58,13.01,4.34,142591.57,22.07,1.13,393098.91,18.45,1.52,5290.0,48622.0,
2007-08-01,106.52,6.52,1.2,103.88,106.17,6.17,1.1,103.62,107.25,7.25,1.3,104.4,2.56,2.23,1.4,3.92,1.49,3.53,8.57,1.2,1.83,-0.53,,,,,,,,,,,2.7,2.8,0.3,5.5,1.8,2.4,6.2,1.2,1.2,-1.2,27822.39,14.95,1.82,140993.21,22.77,3.49,387205.04,18.09,0.86,6961.0,43332.0,
2007-07-01,105.62,5.62,0.9,103.5,105.28,5.28,0.8,103.26,106.33,6.33,1.1,104.0,2.39,2.15,-0.1,4.26,1.41,3.07,7.75,0.99,1.82,-1.1,,,,,,,,,,,2.7,2.9,0.1,5.7,1.9,2.3,5.9,1.2,1.1,-1.2,27326.26,15.05,1.66,136237.43,20.94,0.29,383884.88,18.48,1.6,3100.0,36371.0,
2007-06-01,104.36,4.36,0.4,103.15,104.06,4.06,0.3,102.93,104.98,4.98,0.7,103.61,2.49,2.48,-1.0,5.17,1.61,2.54,6.68,0.87,1.42,-1.27,,,,,,,,,,,2.8,3.0,0.2,6.0,1.9,2.1,5.6,1.2,1.0,-1.3,26881.09,14.54,0.57,135847.4,20.92,4.28,377832.15,17.06,2.19,7042.0,33271.0,
2007-05-01,103.39,3.39,0.29,102.91,103.12,3.12,0.2,102.7,103.92,3.92,0.4,103.34,2.76,2.87,0.3,5.73,1.8,2.44,6.34,1.34,1.17,-1.28,,,,,,,,,,,2.8,3.1,0.4,6.1,2.0,2.0,5.4,1.3,1.0,-1.3,26727.97,13.9,-3.9,130275.8,19.28,2.03,369718.15,16.74,0.65,3824.0,26229.0,
2007-04-01,103.03,3.03,-0.1,102.8,102.86,2.86,0.0,102.6,103.38,3.38,-0.2,103.19,2.87,3.13,0.5,6.14,1.98,2.13,5.49,1.22,1.05,-1.13,,,,,,,,,,,2.9,3.2,0.4,6.2,2.0,1.9,5.1,1.2,0.9,-1.3,27813.88,15.14,1.56,127678.33,20.01,-0.16,367326.45,17.09,0.88,6103.0,22405.0,
2007-03-01,103.28,3.28,-0.3,102.72,103.1,3.1,-0.3,102.51,103.64,3.64,-0.4,103.13,2.65,2.93,-2.2,6.12,2.03,1.85,5.21,1.04,0.76,-1.41,,,,,,,,,,,2.9,3.2,0.4,6.2,2.0,1.9,5.0,1.2,0.9,-1.3,27387.95,16.68,-10.58,127881.31,19.81,1.29,364104.66,17.27,1.52,6311.0,16302.0,
2007-02-01,102.71,2.71,1.0,102.44,102.48,2.48,1.0,102.22,103.15,3.15,0.9,102.88,2.6,2.83,-1.2,5.84,1.88,1.91,4.99,1.3,0.98,-1.27,,,,,,,,,,,3.0,3.3,1.7,6.3,2.1,1.9,4.9,1.4,0.9,-1.3,30627.93,25.1,9.58,126258.08,20.99,-1.73,358659.25,17.78,2.04,3083.0,9991.0,
2007-01-01,102.17,2.17,0.7,102.17,101.95,1.95,0.6,101.95,102.61,2.61,0.7,102.61,3.3,3.82,4.69,6.74,2.22,1.81,4.77,1.39,0.8,-1.27,,,,,,,,,,,3.3,3.8,4.7,6.7,2.2,1.8,4.8,1.4,0.8,-1.3,27949.13,-4.64,3.24,128484.06,19.8,1.95,351498.77,15.79,1.71,6908.0,6908.0,
2006-12-01,102.81,2.81,1.4,101.47,102.66,2.66,1.4,101.48,103.13,3.13,1.4,101.46,3.05,3.6,2.66,6.35,2.33,1.46,3.93,1.16,1.01,-1.61,,,,,,,,,,,3.0,3.9,14.1,6.6,1.1,0.2,0.5,1.3,0.8,-2.0,27072.62,12.65,6.05,126028.05,17.48,3.6,345577.91,16.94,2.39,3837.0,42697.0,26.45
2006-11-01,101.88,1.88,0.3,101.34,101.8,1.8,0.2,101.37,102.05,2.05,0.5,101.3,2.78,3.38,1.88,5.92,2.3,1.0,2.56,1.33,1.27,-1.97,,,,,,,,,,,3.0,4.0,15.2,6.7,1.0,0.0,0.2,1.4,0.8,-2.0,25527.25,13.91,2.26,121644.95,16.83,2.78,337504.15,16.8,1.43,2788.0,38860.0,
2006-10-01,101.41,1.41,0.1,101.29,101.45,1.45,0.1,101.32,101.33,1.33,0.0,101.23,2.9,3.8,7.46,6.25,2.08,0.57,1.52,1.37,0.78,-1.8,,,,,,,,,,,3.0,4.0,16.5,6.7,0.9,0.0,-0.1,1.4,0.7,-2.0,24964.16,14.03,-2.82,118359.96,16.33,1.32,332747.17,17.08,0.27,894.0,36072.0,
2006-09-01,101.51,1.51,0.53,101.28,101.58,1.58,0.6,101.31,101.37,1.37,0.4,101.21,3.45,4.41,13.6,7.21,1.73,0.62,1.13,1.59,1.22,-1.63,,,,,,,,,,,3.0,4.0,17.5,6.8,0.8,-0.1,-0.3,1.4,0.7,-2.1,25687.38,15.33,6.21,116814.1,15.7,1.71,331865.36,16.83,1.21,3077.0,35178.0,
2006-08-01,101.32,1.32,0.3,101.25,101.26,1.26,0.3,101.28,101.44,1.44,0.5,101.2,3.4,4.46,15.7,7.31,1.47,0.28,0.69,1.27,0.95,-1.93,,,,,,,,,,,2.9,4.0,18.0,6.7,0.7,-0.2,-0.4,1.3,0.7,-2.1,24185.36,13.27,1.82,114845.67,15.57,1.95,327885.67,17.94,1.2,3362.0,32101.0,
2006-07-01,101.03,1.03,1.0,101.24,100.99,0.99,-0.4,101.28,101.13,1.13,-0.2,101.16,3.58,4.8,16.0,8.13,1.58,0.0,0.13,1.22,0.63,-1.91,,,,,,,,,,,2.9,3.9,18.3,6.6,0.5,-0.3,-0.6,1.3,0.6,-2.1,23752.59,12.19,1.21,112653.04,15.34,0.28,324010.76,18.4,0.39,2254.0,28739.0,
2006-06-01,101.51,1.51,1.5,101.27,101.6,1.6,-0.6,101.33,101.33,1.33,-0.3,101.17,3.52,4.8,16.7,8.47,1.3,-0.24,-0.37,1.24,0.56,-2.13,,,,,,,,,,,2.7,3.8,18.7,6.4,0.4,-0.3,-0.7,1.4,0.6,-2.2,23469.08,12.57,0.02,112342.36,13.94,2.86,322756.35,18.43,1.91,3843.0,26485.0,
2006-05-01,101.38,1.38,-0.1,101.23,101.45,1.45,0.0,101.27,101.24,1.24,-0.1,101.13,2.43,3.39,12.9,6.03,0.75,-0.39,-0.79,1.22,0.49,-2.09,,,,,,,,,,,2.57,3.56,19.11,5.97,0.18,-0.35,-0.79,1.37,0.62,-2.19,23465.32,12.75,-2.86,109219.22,14.01,2.66,316709.81,19.05,0.96,3785.0,22642.0,
2006-04-01,101.21,1.21,0.1,101.19,101.25,1.25,0.2,101.23,101.14,1.14,0.1,101.11,1.87,2.64,12.1,5.4,-0.07,-0.39,-0.86,1.2,0.51,-1.96,,,,,,,,,,,2.6,3.6,20.7,6.0,0.0,-0.3,-0.8,1.4,0.7,-2.2,24155.73,11.49,2.91,106389.11,12.48,-0.33,313702.34,18.92,1.03,3325.0,18857.0,
2006-03-01,100.8,0.8,-0.9,101.18,100.85,0.85,-0.9,101.23,100.71,0.71,-0.8,101.1,2.49,3.45,20.2,5.63,0.01,-0.33,-0.82,1.31,0.68,-2.03,,,,,,,,,,,2.9,3.9,23.5,6.1,0.1,-0.3,-0.8,1.5,0.7,-2.3,23472.03,10.51,-4.13,106737.08,12.67,2.28,310490.65,18.76,1.96,7472.0,15532.0,
2006-02-01,100.86,0.86,0.5,101.37,100.87,0.87,0.5,101.41,100.84,0.84,0.4,101.29,3.01,4.16,25.2,6.4,0.09,-0.39,-0.98,1.73,0.69,-2.41,,,,,,,,,,,3.0,4.2,25.2,6.4,0.1,-0.3,-0.7,1.6,0.7,-2.4,24482.02,8.0,-16.47,104357.08,12.44,-2.7,304516.27,18.82,0.31,1737.0,8060.0,
2006-01-01,101.89,1.89,1.3,101.89,101.96,1.96,1.3,101.96,101.74,1.74,1.2,101.74,3.05,4.17,25.2,6.4,0.11,-0.26,-0.48,1.42,0.75,-2.45,,,,,,,,,,,3.1,4.2,25.2,6.4,0.1,-0.3,-0.5,1.4,0.8,-2.4,29310.37,22.05,21.97,107250.68,10.63,-0.03,303571.65,19.21,1.61,6323.0,6323.0,
2005-12-01,101.56,1.56,0.4,101.81,101.56,1.56,0.4,101.59,101.55,1.55,0.3,102.19,3.22,4.55,22.35,6.95,0.5,-0.48,0.82,0.7,0.96,-3.44,,,,,,,,,,,4.9,6.8,25.8,9.8,2.2,-0.2,1.0,0.8,1.9,-3.2,24031.67,11.94,7.24,107278.57,11.78,3.03,298755.48,17.57,2.19,2524.0,30008.0,22.43
